,Thème_1,Thème_2,Thème_3,Thème_4,Thème_5,Thème_6,Thème_7,Thème_8,Thème_9,Thème_10
KingofTrilobites123,0.0,0.0,0.0,0.0,1.0,1.0,0.0,0.0,0.0,1.0
Ilovedia,1.0,0.0,0.0,0.0,1.0,1.0,0.0,0.0,0.0,1.0
KnowTheTruthMatters,1.0,0.0,0.0,0.0,1.0,1.0,0.0,0.0,0.0,1.0
Able_Compote6571,0.0,0.0,0.0,1.0,1.0,1.0,0.0,1.0,0.0,0.0
CopiousCool,1.0,0.0,0.0,0.0,1.0,1.0,0.0,0.0,0.0,0.0
90stvkid,0.0,0.0,0.0,1.0,1.0,1.0,0.0,0.0,0.0,0.0
Particular_Log_3594,0.0,0.0,0.0,0.0,1.0,1.0,1.0,1.0,0.0,0.0
Financial_Smile4143,0.0,0.0,1.0,1.0,1.0,1.0,0.0,0.0,0.0,0.0
adilbuilds,0.0,0.0,0.0,0.0,1.0,1.0,1.0,0.0,1.0,0.0
YamFrosty6169,0.0,0.0,0.0,0.0,1.0,1.0,0.0,0.0,0.0,0.0
palilibre,0.0,0.0,0.0,0.0,1.0,1.0,0.0,0.0,0.0,0.0
K9Imperium,0.0,0.0,0.0,0.0,1.0,1.0,0.0,0.0,0.0,0.0
Dingus-the-Mingus,0.0,0.0,0.0,0.0,1.0,1.0,0.0,0.0,0.0,0.0
endingcolonialism,0.0,0.0,0.0,0.0,1.0,1.0,0.0,0.0,0.0,0.0
Sea_Banana882,0.0,0.0,0.0,0.0,1.0,1.0,0.0,0.0,0.0,0.0
Pinkblushdiva,0.0,0.0,0.0,0.0,1.0,1.0,0.0,0.0,0.0,0.0
newsspotter,0.0,1.0,1.0,0.0,1.0,1.0,0.0,0.0,0.0,0.0
tyuptyupolpolp,0.0,0.0,0.0,0.0,1.0,0.0,0.0,0.0,0.0,1.0
Burning-Bush-613,1.0,0.0,0.0,0.0,1.0,0.0,0.0,0.0,0.0,0.0
TendieRetard,1.0,0.0,0.0,0.0,1.0,0.0,0.0,0.0,0.0,0.0
SecretBiscotti8128,1.0,0.0,0.0,0.0,1.0,0.0,0.0,0.0,0.0,0.0
MrJasonMason,1.0,0.0,0.0,0.0,1.0,0.0,0.0,0.0,0.0,0.0
Ok-Divide4719,0.0,0.0,0.0,1.0,1.0,0.0,0.0,0.0,0.0,0.0
Apollo_Delphi,0.0,0.0,0.0,0.0,1.0,0.0,0.0,1.0,0.0,0.0
Ambitious-Narwhal158,0.0,0.0,0.0,0.0,1.0,0.0,0.0,1.0,0.0,0.0
Narrow_Guava_6239,0.0,0.0,0.0,0.0,1.0,0.0,1.0,0.0,0.0,0.0
Beneficial-Network91,0.0,0.0,0.0,0.0,1.0,0.0,1.0,0.0,0.0,0.0
Akram-Brahimi,0.0,0.0,0.0,0.0,1.0,0.0,0.0,0.0,1.0,0.0
tortilla_avalanche,0.0,0.0,0.0,0.0,1.0,0.0,0.0,0.0,1.0,0.0
Firm_Paint8474,0.0,0.0,0.0,0.0,1.0,0.0,0.0,0.0,1.0,0.0
VolkswagenPanda,0.0,0.0,0.0,0.0,1.0,0.0,0.0,0.0,0.0,0.0
dark00H,0.0,0.0,0.0,0.0,1.0,0.0,0.0,0.0,0.0,0.0
veinsouls,0.0,0.0,0.0,0.0,1.0,0.0,0.0,0.0,0.0,0.0
mornunglake,0.0,0.0,0.0,0.0,1.0,0.0,0.0,0.0,0.0,0.0
shane_4_us,0.0,0.0,0.0,0.0,1.0,0.0,0.0,0.0,0.0,0.0
Fhlurrhy108,0.0,0.0,0.0,0.0,1.0,0.0,0.0,0.0,0.0,0.0
MoonGlissades,0.0,0.0,0.0,0.0,1.0,0.0,0.0,0.0,0.0,0.0
SnooOnions4663,0.0,0.0,0.0,0.0,1.0,0.0,0.0,0.0,0.0,0.0
Able_Ad_4891,0.0,0.0,0.0,0.0,1.0,0.0,0.0,0.0,0.0,0.0
itsamefas,0.0,0.0,0.0,0.0,1.0,0.0,0.0,0.0,0.0,0.0
CosmeticChemistPro,0.0,0.0,0.0,0.0,1.0,0.0,0.0,0.0,0.0,0.0
antifamarketer,0.0,0.0,0.0,0.0,1.0,0.0,0.0,0.0,0.0,0.0
ABCecy,0.0,0.0,0.0,0.0,1.0,0.0,0.0,0.0,0.0,0.0
Hamdan-mohamed,0.0,0.0,0.0,0.0,1.0,0.0,0.0,0.0,0.0,0.0
Witty-Savings-2048,0.0,0.0,0.0,0.0,1.0,0.0,0.0,0.0,0.0,0.0
Alternative-Dare-601,0.0,0.0,0.0,0.0,1.0,0.0,0.0,0.0,0.0,0.0
amotivatedgal,0.0,0.0,0.0,0.0,1.0,0.0,0.0,0.0,0.0,0.0
mar_de_mariposas,0.0,0.0,0.0,0.0,1.0,0.0,0.0,0.0,0.0,0.0
Pack_Em_Up,0.0,0.0,0.0,0.0,1.0,0.0,0.0,0.0,0.0,0.0
barb_20,0.0,0.0,0.0,0.0,1.0,0.0,0.0,0.0,0.0,0.0
Relative-Narwhal-504,0.0,0.0,0.0,0.0,1.0,0.0,0.0,0.0,0.0,0.0
SchemeBoth2169,0.0,0.0,0.0,0.0,1.0,0.0,0.0,0.0,0.0,0.0
CraftyOpportunity646,0.0,0.0,0.0,0.0,1.0,0.0,0.0,0.0,0.0,0.0
No-Trick-7397,0.0,0.0,0.0,0.0,1.0,0.0,0.0,0.0,0.0,0.0
CelestialCometDoll,0.0,0.0,0.0,0.0,1.0,0.0,0.0,0.0,0.0,0.0
iLikeDucks72,0.0,0.0,0.0,0.0,1.0,0.0,0.0,0.0,0.0,0.0
GRS_89,0.0,0.0,0.0,0.0,1.0,0.0,0.0,0.0,0.0,0.0
reparationsNowToday,0.0,0.0,0.0,0.0,1.0,0.0,0.0,0.0,0.0,0.0
WhichSideOfNoWhere,0.0,0.0,0.0,0.0,1.0,0.0,0.0,0.0,0.0,0.0
Due_Sun9,0.0,0.0,0.0,0.0,1.0,0.0,0.0,0.0,0.0,0.0
Amr_Abu_Ouda,0.0,0.0,0.0,0.0,1.0,0.0,0.0,0.0,0.0,0.0
CharlieSmith_27,0.0,0.0,0.0,0.0,1.0,0.0,0.0,0.0,0.0,0.0
That-Flamingo9866,0.0,0.0,0.0,0.0,1.0,0.0,0.0,0.0,0.0,0.0
DarkShadow13206,0.0,0.0,0.0,0.0,1.0,0.0,0.0,0.0,0.0,0.0
PandoraHadess,0.0,0.0,0.0,0.0,1.0,0.0,0.0,0.0,0.0,0.0
Jealous-Ad-4838,0.0,0.0,0.0,0.0,1.0,0.0,0.0,0.0,0.0,0.0
Weird-Noise-180,0.0,0.0,0.0,0.0,1.0,0.0,0.0,0.0,0.0,0.0
isaboobers,0.0,0.0,0.0,0.0,1.0,0.0,0.0,0.0,0.0,0.0
Apprehensive-Cut9959,0.0,0.0,0.0,0.0,1.0,0.0,0.0,0.0,0.0,0.0
LofiOcean131,0.0,0.0,0.0,0.0,1.0,0.0,0.0,0.0,0.0,0.0
Margiethecat,0.0,0.0,0.0,0.0,1.0,0.0,0.0,0.0,0.0,0.0
SnooOwls4954,0.0,0.0,0.0,0.0,1.0,0.0,0.0,0.0,0.0,0.0
pickl3dguava,0.0,0.0,0.0,0.0,1.0,0.0,0.0,0.0,0.0,0.0
Kekeegan,0.0,0.0,0.0,0.0,1.0,0.0,0.0,0.0,0.0,0.0
winter_in_eden,0.0,0.0,0.0,0.0,1.0,0.0,0.0,0.0,0.0,0.0
Asinead666,0.0,0.0,0.0,0.0,1.0,0.0,0.0,0.0,0.0,0.0
Away-Lavishness-3805,0.0,0.0,0.0,0.0,1.0,0.0,0.0,0.0,0.0,0.0
ResolutionDull5054,0.0,0.0,0.0,0.0,1.0,0.0,0.0,0.0,0.0,0.0
Hopeful_Worth315,0.0,0.0,0.0,0.0,1.0,0.0,0.0,0.0,0.0,0.0
VISlONSOFALIFE,0.0,0.0,0.0,0.0,1.0,0.0,0.0,0.0,0.0,0.0
Colei_the_weird,0.0,0.0,0.0,0.0,1.0,0.0,0.0,0.0,0.0,0.0
Sp1dderxyz,0.0,0.0,0.0,0.0,1.0,0.0,0.0,0.0,0.0,0.0
peachemistry,0.0,0.0,0.0,0.0,1.0,0.0,0.0,0.0,0.0,0.0
thatsjustarandomname,0.0,0.0,0.0,0.0,1.0,0.0,0.0,0.0,0.0,0.0
cats_and_coffee15,0.0,0.0,0.0,0.0,1.0,0.0,0.0,0.0,0.0,0.0
m7mdhassballa,0.0,0.0,0.0,0.0,1.0,0.0,0.0,0.0,0.0,0.0
doctormelody18,0.0,0.0,0.0,0.0,1.0,0.0,0.0,0.0,0.0,0.0
HuckleberryFuzzy918,0.0,0.0,0.0,0.0,1.0,0.0,0.0,0.0,0.0,0.0
TheAlphaKiller17,0.0,0.0,0.0,0.0,1.0,0.0,0.0,0.0,0.0,0.0
VanillaAdventurous74,0.0,0.0,0.0,0.0,1.0,0.0,0.0,0.0,0.0,0.0
Fantastic_Bag1560,0.0,0.0,0.0,0.0,1.0,0.0,0.0,0.0,0.0,0.0
aym0_0n,0.0,0.0,0.0,0.0,1.0,0.0,0.0,0.0,0.0,0.0
Effective_Nothing519,0.0,0.0,0.0,0.0,1.0,0.0,0.0,0.0,0.0,0.0
butterflyfrenchfry,0.0,0.0,0.0,0.0,1.0,0.0,0.0,0.0,0.0,0.0
Sad_Recognition_6037,0.0,0.0,0.0,0.0,1.0,0.0,0.0,0.0,0.0,0.0
SillyPassion7773,0.0,0.0,0.0,0.0,1.0,0.0,0.0,0.0,0.0,0.0
ElkNational9973,0.0,0.0,0.0,0.0,1.0,0.0,0.0,0.0,0.0,0.0
No_Newspaper_2914,0.0,0.0,0.0,0.0,1.0,0.0,0.0,0.0,0.0,0.0
introvertaltsakki,0.0,0.0,0.0,0.0,1.0,0.0,0.0,0.0,0.0,0.0
Comfortable_Spend436,0.0,0.0,0.0,0.0,1.0,0.0,0.0,0.0,0.0,0.0
Accomplished_Cry6108,0.0,0.0,0.0,0.0,1.0,0.0,0.0,0.0,0.0,0.0
DesignerSkyline01,0.0,0.0,0.0,0.0,1.0,0.0,0.0,0.0,0.0,0.0
SuccessfulOwl9919,0.0,0.0,0.0,0.0,1.0,0.0,0.0,0.0,0.0,0.0
OmegaDGalaxyGoji777,0.0,0.0,0.0,0.0,1.0,0.0,0.0,0.0,0.0,0.0
Life-Focus-3105,0.0,0.0,0.0,0.0,1.0,0.0,0.0,0.0,0.0,0.0
Virtual_Ad_4734,0.0,0.0,0.0,0.0,1.0,0.0,0.0,0.0,0.0,0.0
angels-cry,0.0,0.0,0.0,0.0,1.0,0.0,0.0,0.0,0.0,0.0
Brutally_Honest_Swan,0.0,0.0,0.0,0.0,1.0,0.0,0.0,0.0,0.0,0.0
Level-Kiwi-3836,0.0,0.0,0.0,0.0,1.0,0.0,0.0,0.0,0.0,0.0
Ridussey,0.0,0.0,0.0,0.0,1.0,0.0,0.0,0.0,0.0,0.0
ElectricalChance3664,1.0,1.0,0.0,0.0,0.0,1.0,0.0,0.0,0.0,0.0
Enough_Credit_8199,0.0,0.0,0.0,0.0,0.0,1.0,0.0,0.0,0.0,1.0
safemath,0.0,0.0,0.0,0.0,0.0,1.0,0.0,0.0,0.0,1.0
Glad_Opinion_6339,0.0,0.0,0.0,0.0,0.0,1.0,0.0,1.0,1.0,0.0
Zealousideal-Item607,0.0,0.0,0.0,1.0,0.0,1.0,0.0,0.0,0.0,0.0
pumpkinzh,0.0,0.0,1.0,0.0,0.0,1.0,1.0,1.0,0.0,0.0
jodio_hoestar,0.0,0.0,0.0,0.0,0.0,1.0,0.0,0.0,1.0,0.0
Plane-Imagination593,0.0,0.0,0.0,0.0,0.0,1.0,0.0,0.0,0.0,0.0
Affectionate-Rent415,0.0,0.0,0.0,0.0,0.0,1.0,0.0,0.0,0.0,0.0
Fledgling_112896,0.0,0.0,0.0,0.0,0.0,1.0,0.0,0.0,0.0,0.0
Imaginary-Hold5898,0.0,0.0,0.0,0.0,0.0,1.0,0.0,0.0,0.0,0.0
chopstickemup,0.0,0.0,0.0,0.0,0.0,1.0,0.0,0.0,0.0,0.0
carTot254,0.0,0.0,0.0,0.0,0.0,1.0,0.0,0.0,0.0,0.0
FireProStan,0.0,0.0,0.0,0.0,0.0,1.0,0.0,0.0,0.0,0.0
Reasonable-Image-938,0.0,0.0,0.0,0.0,0.0,1.0,0.0,0.0,0.0,0.0
redSpider2077,0.0,0.0,0.0,0.0,0.0,1.0,0.0,0.0,0.0,0.0
Icy_Giraffe3903,0.0,0.0,0.0,0.0,0.0,1.0,0.0,0.0,0.0,0.0
CrossingVoid,0.0,0.0,0.0,0.0,0.0,1.0,0.0,0.0,0.0,0.0
Ok_Somewhere9687,0.0,0.0,0.0,0.0,0.0,1.0,0.0,0.0,0.0,0.0
No_Degree3814,0.0,0.0,0.0,0.0,0.0,1.0,0.0,0.0,0.0,0.0
ChangePrestigious702,0.0,0.0,0.0,0.0,0.0,1.0,0.0,0.0,0.0,0.0
TonkaMaze,0.0,0.0,0.0,0.0,0.0,1.0,0.0,0.0,0.0,0.0
No_Snow2245,0.0,0.0,0.0,0.0,0.0,1.0,0.0,0.0,0.0,0.0
Moth_Man_68,0.0,0.0,0.0,0.0,0.0,1.0,0.0,0.0,0.0,0.0
CatacaX,0.0,0.0,0.0,0.0,0.0,1.0,0.0,0.0,0.0,0.0
FlabbyShabby,0.0,0.0,0.0,0.0,0.0,1.0,0.0,0.0,0.0,0.0
Justarandomguy-fuck,0.0,0.0,0.0,0.0,0.0,1.0,0.0,0.0,0.0,0.0
Late-Test2209,0.0,0.0,0.0,0.0,0.0,1.0,0.0,0.0,0.0,0.0
Unfair_Enthusiasm696,0.0,0.0,0.0,0.0,0.0,1.0,0.0,0.0,0.0,0.0
Ok-Bicycle-12345,0.0,0.0,0.0,0.0,0.0,1.0,0.0,0.0,0.0,0.0
Responsible-Term4482,0.0,0.0,0.0,0.0,0.0,1.0,0.0,0.0,0.0,0.0
ComfortableJello508,0.0,0.0,0.0,0.0,0.0,1.0,0.0,0.0,0.0,0.0
J3ssM,0.0,0.0,0.0,0.0,0.0,1.0,0.0,0.0,0.0,0.0
Perfect-Parking1536,0.0,0.0,0.0,0.0,0.0,1.0,0.0,0.0,0.0,0.0
Early_Bad_,0.0,0.0,0.0,0.0,0.0,1.0,0.0,0.0,0.0,0.0
Ok-Following6886,0.0,0.0,0.0,0.0,0.0,1.0,0.0,0.0,0.0,0.0
ReachZestyclose,0.0,0.0,0.0,0.0,0.0,1.0,0.0,0.0,0.0,0.0
Squidieyy,0.0,0.0,0.0,0.0,0.0,1.0,0.0,0.0,0.0,0.0
librePali,0.0,0.0,0.0,0.0,0.0,1.0,0.0,0.0,0.0,0.0
natural_piano1836,0.0,0.0,0.0,0.0,0.0,1.0,0.0,0.0,0.0,0.0
Miserable-Spinach867,0.0,0.0,0.0,0.0,0.0,1.0,0.0,0.0,0.0,0.0
ExtHD,0.0,0.0,0.0,0.0,0.0,1.0,0.0,0.0,0.0,0.0
ibrahim_D12,0.0,0.0,0.0,0.0,0.0,1.0,0.0,0.0,0.0,0.0
ConfidenceCareless71,0.0,0.0,0.0,0.0,0.0,1.0,0.0,0.0,0.0,0.0
Big_Fennel2186,0.0,0.0,0.0,0.0,0.0,1.0,0.0,0.0,0.0,0.0
NewPatron-St,0.0,0.0,0.0,0.0,0.0,1.0,0.0,0.0,0.0,0.0
abenites99,0.0,0.0,0.0,0.0,0.0,1.0,0.0,0.0,0.0,0.0
MrLabbrow,0.0,0.0,0.0,0.0,0.0,1.0,0.0,0.0,0.0,0.0
Dear-Boot4077,0.0,0.0,0.0,0.0,0.0,1.0,0.0,0.0,0.0,0.0
Songmorning,0.0,0.0,0.0,0.0,0.0,1.0,0.0,0.0,0.0,0.0
Pepperina_G,0.0,0.0,0.0,0.0,0.0,1.0,0.0,0.0,0.0,0.0
ChargeResponsible112,0.0,0.0,0.0,0.0,0.0,1.0,0.0,0.0,0.0,0.0
Nomogg,1.0,1.0,0.0,1.0,0.0,0.0,0.0,1.0,0.0,0.0
Ok_Strawberry_2143,1.0,0.0,0.0,0.0,0.0,0.0,0.0,0.0,0.0,1.0
Tr0jan___,1.0,1.0,1.0,0.0,1.0,1.0,1.0,1.0,1.0,1.0
manofwater3615,0.0,0.0,0.0,0.0,0.0,0.0,0.0,1.0,0.0,1.0
Die_Hard_new3492,0.0,1.0,0.0,0.0,0.0,0.0,0.0,0.0,0.0,1.0
[deleted],1.0,1.0,0.0,0.0,1.0,1.0,1.0,1.0,0.0,1.0
ContentChecker,1.0,1.0,1.0,0.0,1.0,1.0,0.0,1.0,1.0,0.0
richards1052,1.0,0.0,1.0,0.0,1.0,1.0,0.0,1.0,0.0,1.0
librephili,1.0,1.0,1.0,1.0,1.0,1.0,0.0,0.0,0.0,1.0
johnsmithoncemore,1.0,1.0,0.0,0.0,0.0,0.0,0.0,0.0,0.0,0.0
Wolf4612,1.0,0.0,0.0,0.0,0.0,0.0,1.0,0.0,0.0,0.0
CosmiicBrowni,0.0,0.0,0.0,0.0,0.0,0.0,0.0,0.0,0.0,1.0
ShedSoManyTears4Gaza,0.0,0.0,0.0,0.0,0.0,0.0,0.0,0.0,0.0,1.0
pimpin_n_stuff,0.0,0.0,0.0,0.0,0.0,0.0,0.0,0.0,0.0,1.0
Altruistic_You9489,0.0,0.0,0.0,0.0,0.0,0.0,0.0,0.0,0.0,1.0
Kernowite,0.0,0.0,0.0,0.0,0.0,0.0,0.0,0.0,0.0,1.0
Nervous-Savings2251,0.0,0.0,0.0,0.0,0.0,0.0,0.0,0.0,0.0,1.0
ThrovvQuestionsAway,0.0,0.0,0.0,0.0,0.0,0.0,0.0,0.0,0.0,1.0
shladvic,0.0,0.0,0.0,0.0,0.0,0.0,0.0,0.0,0.0,1.0
urek__mazino_4444,0.0,0.0,0.0,0.0,0.0,0.0,0.0,0.0,0.0,1.0
Ur_Shado,0.0,0.0,0.0,0.0,0.0,0.0,0.0,0.0,0.0,1.0
Altruistic-Look6136,0.0,0.0,0.0,0.0,0.0,0.0,0.0,0.0,0.0,1.0
walkyslaysh,0.0,0.0,0.0,0.0,0.0,0.0,0.0,0.0,0.0,1.0
hanandmeow,0.0,0.0,0.0,0.0,0.0,0.0,0.0,0.0,0.0,1.0
SystemNo524,0.0,0.0,0.0,0.0,0.0,0.0,0.0,0.0,0.0,1.0
KrackalackinKraken,0.0,0.0,0.0,0.0,0.0,0.0,0.0,0.0,0.0,1.0
littleeeloveee,0.0,0.0,0.0,0.0,0.0,0.0,0.0,0.0,0.0,1.0
roxi3smiles,0.0,0.0,0.0,0.0,0.0,0.0,0.0,0.0,0.0,1.0
Accomplished-Low9635,0.0,0.0,0.0,0.0,0.0,0.0,0.0,0.0,0.0,1.0
Forward-Molasses4404,0.0,0.0,0.0,0.0,0.0,0.0,0.0,0.0,0.0,1.0
CryingInTheGrass,0.0,0.0,0.0,0.0,0.0,0.0,0.0,0.0,0.0,1.0
SamZ025,0.0,0.0,0.0,1.0,0.0,0.0,0.0,0.0,0.0,0.0
ResearchWorking3402,0.0,0.0,0.0,1.0,0.0,0.0,0.0,0.0,0.0,0.0
Psychological-Gear78,0.0,0.0,0.0,1.0,0.0,0.0,0.0,0.0,0.0,0.0
guibidesc,0.0,0.0,0.0,1.0,0.0,0.0,0.0,0.0,0.0,0.0
Amoonthedollygirl,0.0,0.0,0.0,1.0,0.0,0.0,0.0,0.0,0.0,0.0
calombia,0.0,0.0,0.0,1.0,0.0,0.0,0.0,0.0,0.0,0.0
Blood11Orange,1.0,0.0,0.0,0.0,0.0,0.0,0.0,0.0,0.0,0.0
-SimpleRicks-,0.0,0.0,0.0,1.0,0.0,0.0,0.0,0.0,0.0,0.0
weirdgurl24,1.0,0.0,0.0,0.0,0.0,0.0,0.0,0.0,0.0,0.0
Dangermouse0214,1.0,0.0,0.0,0.0,0.0,0.0,0.0,0.0,0.0,0.0
QuranTutor_Muhamad,1.0,0.0,0.0,0.0,0.0,0.0,0.0,0.0,0.0,0.0
torbatosecco,1.0,0.0,0.0,0.0,0.0,0.0,0.0,0.0,0.0,0.0
venrir,1.0,0.0,0.0,0.0,0.0,0.0,0.0,0.0,0.0,0.0
barccy,0.0,0.0,0.0,1.0,0.0,0.0,0.0,0.0,0.0,0.0
SnooTomatoes1513,0.0,0.0,0.0,1.0,0.0,0.0,0.0,0.0,0.0,0.0
Chobikil,0.0,0.0,0.0,1.0,0.0,0.0,0.0,0.0,0.0,0.0
damon121231,0.0,0.0,0.0,1.0,0.0,0.0,0.0,0.0,0.0,0.0
hmountain,0.0,0.0,0.0,1.0,0.0,0.0,0.0,0.0,0.0,0.0
PerspectiveGrand716,1.0,0.0,0.0,0.0,0.0,0.0,0.0,0.0,0.0,0.0
blue_dottt,1.0,0.0,0.0,0.0,0.0,0.0,0.0,0.0,0.0,0.0
Unlikely-Sky6932,0.0,0.0,0.0,1.0,0.0,0.0,0.0,0.0,0.0,0.0
UXUI75,1.0,0.0,0.0,0.0,0.0,0.0,0.0,0.0,0.0,0.0
pinklewickers,0.0,0.0,0.0,1.0,0.0,0.0,0.0,0.0,0.0,0.0
Virtual-Tale7778,0.0,0.0,0.0,1.0,0.0,0.0,0.0,0.0,0.0,0.0
BuyingDragonScimitar,0.0,0.0,0.0,0.0,0.0,0.0,0.0,1.0,0.0,0.0
Relative-Chain73,0.0,0.0,0.0,0.0,0.0,0.0,0.0,1.0,0.0,0.0
elifshafakenthusiast,0.0,0.0,0.0,0.0,0.0,0.0,0.0,1.0,0.0,0.0
yanonce,0.0,0.0,0.0,0.0,0.0,0.0,0.0,1.0,0.0,0.0
MagnusRottcodd,0.0,0.0,0.0,0.0,0.0,0.0,0.0,1.0,0.0,0.0
comrade-sunflower,0.0,0.0,0.0,0.0,0.0,0.0,0.0,1.0,0.0,0.0
GermanLetsKotz,0.0,0.0,0.0,0.0,0.0,0.0,0.0,1.0,0.0,0.0
dramaqueen09,0.0,0.0,0.0,0.0,0.0,0.0,0.0,1.0,0.0,0.0
Novel_Bass6032,0.0,0.0,0.0,0.0,0.0,0.0,0.0,1.0,0.0,0.0
kamotos,0.0,0.0,0.0,0.0,0.0,0.0,0.0,1.0,0.0,0.0
tallbigbear,0.0,0.0,0.0,0.0,0.0,0.0,0.0,1.0,0.0,0.0
Practical_Chef_7897,1.0,0.0,0.0,0.0,0.0,1.0,1.0,1.0,1.0,0.0
SylviaPlathsDaughter,0.0,1.0,0.0,0.0,0.0,0.0,0.0,0.0,0.0,0.0
pixelatedprophecies,0.0,1.0,0.0,0.0,0.0,0.0,0.0,0.0,0.0,0.0
Just_Treacle_611,0.0,1.0,0.0,0.0,0.0,0.0,0.0,0.0,0.0,0.0
Conscious-Rich3823,0.0,1.0,0.0,0.0,0.0,0.0,0.0,0.0,0.0,0.0
Farley_B,0.0,1.0,0.0,0.0,0.0,0.0,0.0,0.0,0.0,0.0
Ok_Consequence_5756,0.0,1.0,0.0,0.0,0.0,0.0,0.0,0.0,0.0,0.0
BlackberryIcy2214,0.0,1.0,0.0,0.0,0.0,0.0,0.0,0.0,0.0,0.0
_maeverie,0.0,1.0,0.0,0.0,0.0,0.0,0.0,0.0,0.0,0.0
cindyloowhovian,0.0,1.0,0.0,0.0,0.0,0.0,0.0,0.0,0.0,0.0
DragonflyNo19,0.0,1.0,0.0,0.0,0.0,0.0,0.0,0.0,0.0,0.0
nesmacon,0.0,1.0,0.0,0.0,0.0,0.0,0.0,0.0,0.0,0.0
OkShelter6459,0.0,0.0,0.0,0.0,0.0,0.0,1.0,0.0,0.0,0.0
Fit_Fisherman_3317,0.0,0.0,0.0,0.0,0.0,0.0,1.0,0.0,0.0,0.0
Aqn95,0.0,0.0,0.0,0.0,0.0,0.0,1.0,0.0,0.0,0.0
melow_shri,0.0,0.0,0.0,0.0,0.0,0.0,1.0,0.0,0.0,0.0
wild_orca,0.0,0.0,0.0,0.0,0.0,0.0,1.0,0.0,0.0,0.0
mania_d,0.0,0.0,0.0,0.0,0.0,0.0,1.0,0.0,0.0,0.0
willflameboy,0.0,0.0,0.0,0.0,0.0,0.0,1.0,0.0,0.0,0.0
CNCMachina,0.0,0.0,0.0,0.0,0.0,0.0,0.0,0.0,1.0,0.0
whater39,0.0,0.0,0.0,0.0,0.0,0.0,0.0,0.0,1.0,0.0
Rich_Ask3503,0.0,0.0,0.0,0.0,0.0,0.0,0.0,0.0,1.0,0.0
secret-agent-zero,0.0,0.0,0.0,0.0,0.0,0.0,0.0,0.0,1.0,0.0
Puripuri_Purizona,0.0,0.0,1.0,0.0,0.0,0.0,0.0,0.0,0.0,0.0
Dazzling_Pirate1411,0.0,0.0,1.0,0.0,0.0,0.0,0.0,0.0,0.0,0.0
Known-Platform1735,0.0,0.0,1.0,0.0,0.0,0.0,0.0,0.0,0.0,0.0
