,degree,betweenness,closeness,eigenvector,pagerank,num_topics,num_posts,primary_subreddit
KingofTrilobites123,0.7351778656126482,0.02977236129410035,0.790625,0.04275734197359633,0.004939252801953768,3,3,Mixed
Ilovedia,0.7312252964426877,0.12388295543544282,0.7881619937694704,0.03263822782155009,0.004418234901156416,4,7,Mixed
KnowTheTruthMatters,0.7312252964426877,0.12388295543544282,0.7881619937694704,0.03263822782155009,0.004418234901156416,4,5,Mixed
Able_Compote6571,0.7114624505928854,0.11250070955039895,0.7760736196319018,0.03160059121910537,0.004334678288375298,4,12,Mixed
CopiousCool,0.6996047430830039,0.021861994688081646,0.7689969604863222,0.043575614381114285,0.00470883719304075,3,5,Mixed
90stvkid,0.6996047430830039,0.019200807244285505,0.7689969604863222,0.042638650498612526,0.00468270269211834,3,3,Mixed
Particular_Log_3594,0.6758893280632411,0.08453516882493362,0.755223880597015,0.031725900822536686,0.004124050426088569,4,4,Mixed
Financial_Smile4143,0.6600790513833992,0.095557453476708,0.7463126843657817,0.03089404857145484,0.004069283636172551,4,8,Mixed
adilbuilds,0.6561264822134387,0.09073975678755558,0.7441176470588236,0.03193934013636452,0.003847523496522908,4,8,Mixed
YamFrosty6169,0.6521739130434783,4.527057672786167e-05,0.7419354838709677,0.061952455029969905,0.005273011785477766,2,4,Mixed
palilibre,0.6521739130434783,4.527057672786167e-05,0.7419354838709677,0.06195245502996991,0.005273011785477766,2,2,Mixed
K9Imperium,0.6521739130434783,4.527057672786167e-05,0.7419354838709677,0.061952455029969905,0.005273011785477766,2,2,Mixed
Dingus-the-Mingus,0.6521739130434783,4.527057672786167e-05,0.7419354838709677,0.061952455029969905,0.005273011785477766,2,3,Mixed
endingcolonialism,0.6521739130434783,4.527057672786167e-05,0.7419354838709677,0.061952455029969905,0.005273011785477766,2,3,Mixed
Sea_Banana882,0.6521739130434783,4.527057672786167e-05,0.7419354838709677,0.06195245502996991,0.005273011785477766,2,3,Mixed
Pinkblushdiva,0.6521739130434783,4.527057672786167e-05,0.7419354838709677,0.06195245502996991,0.005273011785477766,2,2,Mixed
newsspotter,0.6403162055335968,0.10271563454793282,0.7354651162790697,0.030284766026530015,0.0040571266257921,4,6,Mixed
tyuptyupolpolp,0.525691699604743,0.00027481827004367093,0.6728723404255319,0.05568665525295561,0.004549431050519302,2,2,Mixed
Burning-Bush-613,0.48221343873517786,0.0001198997662638835,0.6537467700258398,0.05699911010082963,0.004129353667452629,2,2,Mixed
TendieRetard,0.48221343873517786,0.0001198997662638835,0.6537467700258398,0.056999110100829614,0.004129353667452628,2,2,Mixed
SecretBiscotti8128,0.48221343873517786,0.0001198997662638835,0.6537467700258398,0.056999110100829614,0.004129353667452629,2,7,Mixed
MrJasonMason,0.48221343873517786,0.0001198997662638835,0.6537467700258398,0.056999110100829614,0.004129353667452629,2,2,Mixed
Ok-Divide4719,0.47826086956521735,1.950545428806298e-05,0.6388888888888888,0.05554292184192298,0.004232562502687311,2,2,Mixed
Apollo_Delphi,0.47826086956521735,3.587017456165752e-05,0.6340852130325815,0.05581076915700481,0.004141666132982485,2,2,Mixed
Ambitious-Narwhal158,0.47826086956521735,3.587017456165752e-05,0.6340852130325815,0.055810769157004794,0.004141666132982485,2,2,Mixed
Narrow_Guava_6239,0.450592885375494,1.7149917746162612e-05,0.6231527093596059,0.05573953116640316,0.0038864859096475256,2,2,Mixed
Beneficial-Network91,0.450592885375494,1.7149917746162612e-05,0.6231527093596059,0.05573953116640316,0.0038864859096475256,2,2,Mixed
Akram-Brahimi,0.4387351778656126,3.0304993800689555e-05,0.6185819070904646,0.056007078413201176,0.0035543320150575918,2,4,Mixed
tortilla_avalanche,0.4387351778656126,3.0304993800689555e-05,0.6185819070904646,0.056007078413201176,0.0035543320150575918,2,2,Mixed
Firm_Paint8474,0.4387351778656126,3.0304993800689555e-05,0.6185819070904646,0.056007078413201176,0.0035543320150575918,2,3,Mixed
VolkswagenPanda,0.43083003952569165,5.2257423759762985e-06,0.6372795969773299,0.1070226444620544,0.005106458178527052,1,1,Mixed
dark00H,0.43083003952569165,5.2257423759762985e-06,0.6372795969773299,0.1070226444620544,0.005106458178527052,1,2,Mixed
veinsouls,0.43083003952569165,5.2257423759762985e-06,0.6372795969773299,0.1070226444620544,0.005106458178527052,1,1,Mixed
mornunglake,0.43083003952569165,5.2257423759762985e-06,0.6372795969773299,0.1070226444620544,0.005106458178527052,1,1,Mixed
shane_4_us,0.43083003952569165,5.2257423759762985e-06,0.6372795969773299,0.1070226444620544,0.005106458178527052,1,1,Mixed
Fhlurrhy108,0.43083003952569165,5.2257423759762985e-06,0.6372795969773299,0.1070226444620544,0.005106458178527052,1,1,Mixed
MoonGlissades,0.43083003952569165,5.2257423759762985e-06,0.6372795969773299,0.1070226444620544,0.005106458178527052,1,1,Mixed
SnooOnions4663,0.43083003952569165,5.2257423759762985e-06,0.6372795969773299,0.1070226444620544,0.005106458178527052,1,1,Mixed
Able_Ad_4891,0.43083003952569165,5.2257423759762985e-06,0.6372795969773299,0.1070226444620544,0.005106458178527052,1,1,Mixed
itsamefas,0.43083003952569165,5.2257423759762985e-06,0.6372795969773299,0.1070226444620544,0.005106458178527052,1,1,Mixed
CosmeticChemistPro,0.43083003952569165,5.2257423759762985e-06,0.6372795969773299,0.1070226444620544,0.005106458178527052,1,1,Mixed
antifamarketer,0.43083003952569165,5.2257423759762985e-06,0.6372795969773299,0.1070226444620544,0.005106458178527052,1,1,Mixed
ABCecy,0.43083003952569165,5.2257423759762985e-06,0.6372795969773299,0.1070226444620544,0.005106458178527052,1,1,Mixed
Hamdan-mohamed,0.43083003952569165,5.2257423759762985e-06,0.6372795969773299,0.1070226444620544,0.005106458178527052,1,1,Mixed
Witty-Savings-2048,0.43083003952569165,5.2257423759762985e-06,0.6372795969773299,0.1070226444620544,0.005106458178527052,1,2,Mixed
Alternative-Dare-601,0.43083003952569165,5.2257423759762985e-06,0.6372795969773299,0.1070226444620544,0.005106458178527052,1,1,Mixed
amotivatedgal,0.43083003952569165,5.2257423759762985e-06,0.6372795969773299,0.1070226444620544,0.005106458178527052,1,1,Mixed
mar_de_mariposas,0.43083003952569165,5.2257423759762985e-06,0.6372795969773299,0.1070226444620544,0.005106458178527052,1,1,Mixed
Pack_Em_Up,0.43083003952569165,5.2257423759762985e-06,0.6372795969773299,0.1070226444620544,0.005106458178527052,1,1,Mixed
barb_20,0.43083003952569165,5.2257423759762985e-06,0.6372795969773299,0.1070226444620544,0.005106458178527052,1,1,Mixed
Relative-Narwhal-504,0.43083003952569165,5.2257423759762985e-06,0.6372795969773299,0.1070226444620544,0.005106458178527052,1,1,Mixed
SchemeBoth2169,0.43083003952569165,5.2257423759762985e-06,0.6372795969773299,0.1070226444620544,0.005106458178527052,1,1,Mixed
CraftyOpportunity646,0.43083003952569165,5.2257423759762985e-06,0.6372795969773299,0.1070226444620544,0.005106458178527052,1,1,Mixed
No-Trick-7397,0.43083003952569165,5.2257423759762985e-06,0.6372795969773299,0.1070226444620544,0.005106458178527052,1,1,Mixed
CelestialCometDoll,0.43083003952569165,5.2257423759762985e-06,0.6372795969773299,0.1070226444620544,0.005106458178527052,1,1,Mixed
iLikeDucks72,0.43083003952569165,5.2257423759762985e-06,0.6372795969773299,0.1070226444620544,0.005106458178527052,1,1,Mixed
GRS_89,0.43083003952569165,5.2257423759762985e-06,0.6372795969773299,0.1070226444620544,0.005106458178527052,1,1,Mixed
reparationsNowToday,0.43083003952569165,5.2257423759762985e-06,0.6372795969773299,0.1070226444620544,0.005106458178527052,1,1,Mixed
WhichSideOfNoWhere,0.43083003952569165,5.2257423759762985e-06,0.6372795969773299,0.1070226444620544,0.005106458178527052,1,1,Mixed
Due_Sun9,0.43083003952569165,5.2257423759762985e-06,0.6372795969773299,0.1070226444620544,0.005106458178527052,1,1,Mixed
Amr_Abu_Ouda,0.43083003952569165,5.2257423759762985e-06,0.6372795969773299,0.1070226444620544,0.005106458178527052,1,2,Mixed
CharlieSmith_27,0.43083003952569165,5.2257423759762985e-06,0.6372795969773299,0.1070226444620544,0.005106458178527052,1,1,Mixed
That-Flamingo9866,0.43083003952569165,5.2257423759762985e-06,0.6372795969773299,0.1070226444620544,0.005106458178527052,1,1,Mixed
DarkShadow13206,0.43083003952569165,5.2257423759762985e-06,0.6372795969773299,0.1070226444620544,0.005106458178527052,1,1,Mixed
PandoraHadess,0.43083003952569165,5.2257423759762985e-06,0.6372795969773299,0.1070226444620544,0.005106458178527052,1,3,Mixed
Jealous-Ad-4838,0.43083003952569165,5.2257423759762985e-06,0.6372795969773299,0.1070226444620544,0.005106458178527052,1,1,Mixed
Weird-Noise-180,0.43083003952569165,5.2257423759762985e-06,0.6372795969773299,0.1070226444620544,0.005106458178527052,1,1,Mixed
isaboobers,0.43083003952569165,5.2257423759762985e-06,0.6372795969773299,0.1070226444620544,0.005106458178527052,1,1,Mixed
Apprehensive-Cut9959,0.43083003952569165,5.2257423759762985e-06,0.6372795969773299,0.1070226444620544,0.005106458178527052,1,1,Mixed
LofiOcean131,0.43083003952569165,5.2257423759762985e-06,0.6372795969773299,0.1070226444620544,0.005106458178527052,1,2,Mixed
Margiethecat,0.43083003952569165,5.2257423759762985e-06,0.6372795969773299,0.1070226444620544,0.005106458178527052,1,1,Mixed
SnooOwls4954,0.43083003952569165,5.2257423759762985e-06,0.6372795969773299,0.1070226444620544,0.005106458178527052,1,1,Mixed
pickl3dguava,0.43083003952569165,5.2257423759762985e-06,0.6372795969773299,0.1070226444620544,0.005106458178527052,1,1,Mixed
Kekeegan,0.43083003952569165,5.2257423759762985e-06,0.6372795969773299,0.1070226444620544,0.005106458178527052,1,1,Mixed
winter_in_eden,0.43083003952569165,5.2257423759762985e-06,0.6372795969773299,0.1070226444620544,0.005106458178527052,1,1,Mixed
Asinead666,0.43083003952569165,5.2257423759762985e-06,0.6372795969773299,0.1070226444620544,0.005106458178527052,1,1,Mixed
Away-Lavishness-3805,0.43083003952569165,5.2257423759762985e-06,0.6372795969773299,0.1070226444620544,0.005106458178527052,1,1,Mixed
ResolutionDull5054,0.43083003952569165,5.2257423759762985e-06,0.6372795969773299,0.1070226444620544,0.005106458178527052,1,1,Mixed
Hopeful_Worth315,0.43083003952569165,5.2257423759762985e-06,0.6372795969773299,0.1070226444620544,0.005106458178527052,1,1,Mixed
VISlONSOFALIFE,0.43083003952569165,5.2257423759762985e-06,0.6372795969773299,0.1070226444620544,0.005106458178527052,1,1,Mixed
Colei_the_weird,0.43083003952569165,5.2257423759762985e-06,0.6372795969773299,0.1070226444620544,0.005106458178527052,1,1,Mixed
Sp1dderxyz,0.43083003952569165,5.2257423759762985e-06,0.6372795969773299,0.1070226444620544,0.005106458178527052,1,1,Mixed
peachemistry,0.43083003952569165,5.2257423759762985e-06,0.6372795969773299,0.1070226444620544,0.005106458178527052,1,1,Mixed
thatsjustarandomname,0.43083003952569165,5.2257423759762985e-06,0.6372795969773299,0.1070226444620544,0.005106458178527052,1,1,Mixed
cats_and_coffee15,0.43083003952569165,5.2257423759762985e-06,0.6372795969773299,0.1070226444620544,0.005106458178527052,1,1,Mixed
m7mdhassballa,0.43083003952569165,5.2257423759762985e-06,0.6372795969773299,0.1070226444620544,0.005106458178527052,1,1,Mixed
doctormelody18,0.43083003952569165,5.2257423759762985e-06,0.6372795969773299,0.1070226444620544,0.005106458178527052,1,1,Mixed
HuckleberryFuzzy918,0.43083003952569165,5.2257423759762985e-06,0.6372795969773299,0.1070226444620544,0.005106458178527052,1,1,Mixed
TheAlphaKiller17,0.43083003952569165,5.2257423759762985e-06,0.6372795969773299,0.1070226444620544,0.005106458178527052,1,1,Mixed
VanillaAdventurous74,0.43083003952569165,5.2257423759762985e-06,0.6372795969773299,0.1070226444620544,0.005106458178527052,1,1,Mixed
Fantastic_Bag1560,0.43083003952569165,5.2257423759762985e-06,0.6372795969773299,0.1070226444620544,0.005106458178527052,1,1,Mixed
aym0_0n,0.43083003952569165,5.2257423759762985e-06,0.6372795969773299,0.1070226444620544,0.005106458178527052,1,1,Mixed
Effective_Nothing519,0.43083003952569165,5.2257423759762985e-06,0.6372795969773299,0.1070226444620544,0.005106458178527052,1,1,Mixed
butterflyfrenchfry,0.43083003952569165,5.2257423759762985e-06,0.6372795969773299,0.1070226444620544,0.005106458178527052,1,1,Mixed
Sad_Recognition_6037,0.43083003952569165,5.2257423759762985e-06,0.6372795969773299,0.1070226444620544,0.005106458178527052,1,1,Mixed
SillyPassion7773,0.43083003952569165,5.2257423759762985e-06,0.6372795969773299,0.1070226444620544,0.005106458178527052,1,1,Mixed
ElkNational9973,0.43083003952569165,5.2257423759762985e-06,0.6372795969773299,0.1070226444620544,0.005106458178527052,1,1,Mixed
No_Newspaper_2914,0.43083003952569165,5.2257423759762985e-06,0.6372795969773299,0.1070226444620544,0.005106458178527052,1,1,Mixed
introvertaltsakki,0.43083003952569165,5.2257423759762985e-06,0.6372795969773299,0.1070226444620544,0.005106458178527052,1,1,Mixed
Comfortable_Spend436,0.43083003952569165,5.2257423759762985e-06,0.6372795969773299,0.1070226444620544,0.005106458178527052,1,2,Mixed
Accomplished_Cry6108,0.43083003952569165,5.2257423759762985e-06,0.6372795969773299,0.1070226444620544,0.005106458178527052,1,1,Mixed
DesignerSkyline01,0.43083003952569165,5.2257423759762985e-06,0.6372795969773299,0.1070226444620544,0.005106458178527052,1,2,Mixed
SuccessfulOwl9919,0.43083003952569165,5.2257423759762985e-06,0.6372795969773299,0.1070226444620544,0.005106458178527052,1,1,Mixed
OmegaDGalaxyGoji777,0.43083003952569165,5.2257423759762985e-06,0.6372795969773299,0.1070226444620544,0.005106458178527052,1,1,Mixed
Life-Focus-3105,0.43083003952569165,5.2257423759762985e-06,0.6372795969773299,0.1070226444620544,0.005106458178527052,1,1,Mixed
Virtual_Ad_4734,0.43083003952569165,5.2257423759762985e-06,0.6372795969773299,0.1070226444620544,0.005106458178527052,1,1,Mixed
angels-cry,0.43083003952569165,5.2257423759762985e-06,0.6372795969773299,0.1070226444620544,0.005106458178527052,1,1,Mixed
Brutally_Honest_Swan,0.43083003952569165,5.2257423759762985e-06,0.6372795969773299,0.1070226444620544,0.005106458178527052,1,1,Mixed
Level-Kiwi-3836,0.43083003952569165,5.2257423759762985e-06,0.6372795969773299,0.1070226444620544,0.005106458178527052,1,3,Mixed
Ridussey,0.43083003952569165,5.2257423759762985e-06,0.6372795969773299,0.1070226444620544,0.005106458178527052,1,1,Mixed
ElectricalChance3664,0.37549407114624506,0.01346539933496454,0.6155717761557178,0.0043120987979424485,0.003750142579676528,3,3,Mixed
Enough_Credit_8199,0.3557312252964427,0.0004984006548715606,0.5938967136150235,0.00530158633609027,0.004069715025700535,2,3,Mixed
safemath,0.3557312252964427,0.0004984006548715606,0.5938967136150235,0.005301586336090271,0.004069715025700535,2,2,Mixed
Glad_Opinion_6339,0.33992094861660077,0.011141435054478533,0.575,0.004176751436518355,0.0031966135102741737,3,5,Mixed
Zealousideal-Item607,0.31225296442687744,3.385733199397796e-05,0.5829493087557603,0.005137304308398026,0.003723224134841689,2,2,Mixed
pumpkinzh,0.308300395256917,0.02466663690671249,0.5536105032822757,0.0019439220863049088,0.0030485127394179736,4,5,Mixed
jodio_hoestar,0.28063241106719367,0.00022599802620506556,0.5776255707762558,0.005180490361483802,0.003085877494850229,2,2,Mixed
Plane-Imagination593,0.26877470355731226,3.233939231930051e-05,0.5776255707762558,0.007958914132006906,0.004172964039513915,1,1,Mixed
Affectionate-Rent415,0.26877470355731226,3.233939231930051e-05,0.5776255707762558,0.007958914132006905,0.004172964039513915,1,1,Mixed
Fledgling_112896,0.26877470355731226,3.233939231930051e-05,0.5776255707762558,0.007958914132006905,0.004172964039513915,1,1,Mixed
Imaginary-Hold5898,0.26877470355731226,3.233939231930051e-05,0.5776255707762558,0.007958914132006905,0.004172964039513915,1,1,Mixed
chopstickemup,0.26877470355731226,3.233939231930051e-05,0.5776255707762558,0.007958914132006906,0.004172964039513915,1,1,Mixed
carTot254,0.26877470355731226,3.233939231930051e-05,0.5776255707762558,0.007958914132006906,0.004172964039513915,1,1,Mixed
FireProStan,0.26877470355731226,3.233939231930051e-05,0.5776255707762558,0.007958914132006906,0.004172964039513915,1,1,Mixed
Reasonable-Image-938,0.26877470355731226,3.233939231930051e-05,0.5776255707762558,0.007958914132006906,0.004172964039513915,1,1,Mixed
redSpider2077,0.26877470355731226,3.233939231930051e-05,0.5776255707762558,0.007958914132006906,0.004172964039513915,1,1,Mixed
Icy_Giraffe3903,0.26877470355731226,3.233939231930051e-05,0.5776255707762558,0.007958914132006906,0.004172964039513916,1,1,Mixed
CrossingVoid,0.26877470355731226,3.233939231930051e-05,0.5776255707762558,0.007958914132006906,0.004172964039513916,1,1,Mixed
Ok_Somewhere9687,0.26877470355731226,3.233939231930051e-05,0.5776255707762558,0.007958914132006906,0.004172964039513916,1,1,Mixed
No_Degree3814,0.26877470355731226,3.233939231930051e-05,0.5776255707762558,0.007958914132006906,0.004172964039513916,1,1,Mixed
ChangePrestigious702,0.26877470355731226,3.233939231930051e-05,0.5776255707762558,0.007958914132006906,0.004172964039513916,1,1,Mixed
TonkaMaze,0.26877470355731226,3.233939231930051e-05,0.5776255707762558,0.007958914132006906,0.004172964039513916,1,1,Mixed
No_Snow2245,0.26877470355731226,3.233939231930051e-05,0.5776255707762558,0.007958914132006906,0.004172964039513916,1,1,Mixed
Moth_Man_68,0.26877470355731226,3.233939231930051e-05,0.5776255707762558,0.007958914132006906,0.004172964039513916,1,1,Mixed
CatacaX,0.26877470355731226,3.233939231930051e-05,0.5776255707762558,0.007958914132006906,0.004172964039513916,1,1,Mixed
FlabbyShabby,0.26877470355731226,3.233939231930051e-05,0.5776255707762558,0.007958914132006906,0.004172964039513916,1,1,Mixed
Justarandomguy-fuck,0.26877470355731226,3.233939231930051e-05,0.5776255707762558,0.007958914132006906,0.004172964039513916,1,1,Mixed
Late-Test2209,0.26877470355731226,3.233939231930051e-05,0.5776255707762558,0.007958914132006906,0.004172964039513916,1,1,Mixed
Unfair_Enthusiasm696,0.26877470355731226,3.233939231930051e-05,0.5776255707762558,0.007958914132006906,0.004172964039513916,1,1,Mixed
Ok-Bicycle-12345,0.26877470355731226,3.233939231930051e-05,0.5776255707762558,0.007958914132006906,0.004172964039513916,1,1,Mixed
Responsible-Term4482,0.26877470355731226,3.233939231930051e-05,0.5776255707762558,0.007958914132006906,0.004172964039513916,1,1,Mixed
ComfortableJello508,0.26877470355731226,3.233939231930051e-05,0.5776255707762558,0.007958914132006906,0.004172964039513916,1,1,Mixed
J3ssM,0.26877470355731226,3.233939231930051e-05,0.5776255707762558,0.007958914132006906,0.004172964039513916,1,1,Mixed
Perfect-Parking1536,0.26877470355731226,3.233939231930051e-05,0.5776255707762558,0.007958914132006906,0.004172964039513916,1,1,Mixed
Early_Bad_,0.26877470355731226,3.233939231930051e-05,0.5776255707762558,0.007958914132006906,0.004172964039513916,1,1,Mixed
Ok-Following6886,0.26877470355731226,3.233939231930051e-05,0.5776255707762558,0.007958914132006906,0.004172964039513915,1,4,Mixed
ReachZestyclose,0.26877470355731226,3.233939231930051e-05,0.5776255707762558,0.007958914132006906,0.004172964039513915,1,2,Mixed
Squidieyy,0.26877470355731226,3.233939231930051e-05,0.5776255707762558,0.007958914132006906,0.004172964039513916,1,1,Mixed
librePali,0.26877470355731226,3.233939231930051e-05,0.5776255707762558,0.007958914132006906,0.004172964039513915,1,1,Mixed
natural_piano1836,0.26877470355731226,3.233939231930051e-05,0.5776255707762558,0.007958914132006906,0.004172964039513915,1,1,Mixed
Miserable-Spinach867,0.26877470355731226,3.233939231930051e-05,0.5776255707762558,0.007958914132006906,0.004172964039513915,1,2,Mixed
ExtHD,0.26877470355731226,3.233939231930051e-05,0.5776255707762558,0.007958914132006906,0.004172964039513915,1,1,Mixed
ibrahim_D12,0.26877470355731226,3.233939231930051e-05,0.5776255707762558,0.007958914132006906,0.004172964039513915,1,1,Mixed
ConfidenceCareless71,0.26877470355731226,3.233939231930051e-05,0.5776255707762558,0.007958914132006906,0.004172964039513915,1,1,Mixed
Big_Fennel2186,0.26877470355731226,3.233939231930051e-05,0.5776255707762558,0.007958914132006906,0.004172964039513915,1,1,Mixed
NewPatron-St,0.26877470355731226,3.233939231930051e-05,0.5776255707762558,0.007958914132006906,0.004172964039513916,1,1,Mixed
abenites99,0.26877470355731226,3.233939231930051e-05,0.5776255707762558,0.007958914132006906,0.004172964039513916,1,1,Mixed
MrLabbrow,0.26877470355731226,3.233939231930051e-05,0.5776255707762558,0.007958914132006906,0.004172964039513916,1,1,Mixed
Dear-Boot4077,0.26877470355731226,3.233939231930051e-05,0.5776255707762558,0.007958914132006905,0.004172964039513915,1,1,Mixed
Songmorning,0.26877470355731226,3.233939231930051e-05,0.5776255707762558,0.007958914132006906,0.004172964039513915,1,1,Mixed
Pepperina_G,0.26877470355731226,3.233939231930051e-05,0.5776255707762558,0.007958914132006905,0.004172964039513915,1,1,Mixed
ChargeResponsible112,0.26877470355731226,3.233939231930051e-05,0.5776255707762558,0.007958914132006905,0.004172964039513915,1,1,Mixed
Nomogg,0.21739130434782608,0.036236088969623194,0.5216494845360825,0.0003741180109228769,0.002954654875886196,4,4,Mixed
Ok_Strawberry_2143,0.19367588932806323,0.00126482712005579,0.5281837160751566,0.002097417700297842,0.00311651608213051,2,2,Mixed
Tr0jan___,0.17786561264822134,0.011669489930359496,0.5488069414316703,0.00454697533696104,0.0018743108472692497,9,41,Mixed
manofwater3615,0.16996047430830039,0.0002933999018255027,0.5184426229508197,0.0010717545415866625,0.003100313255725049,2,3,Mixed
Die_Hard_new3492,0.1660079051383399,0.00032710025065190194,0.513184584178499,0.0005827138413136149,0.0033675916849839165,2,4,Mixed
[deleted],0.1660079051383399,0.004301555931990715,0.5452586206896551,0.00509896062345979,0.0019457044274454587,7,14,Mixed
ContentChecker,0.14624505928853754,0.0005041542308623053,0.5394456289978679,0.004888000184913701,0.0017410540708439272,7,11,Mixed
richards1052,0.14624505928853754,0.0012329615354190022,0.5394456289978679,0.005354483985770108,0.0018171207113999066,6,13,Mixed
librephili,0.14229249011857706,0.008218834305790828,0.5382978723404256,0.0046161999259242146,0.0017024050585362697,7,28,Mixed
johnsmithoncemore,0.13438735177865613,1.6454106672424625e-05,0.5281837160751566,0.0012415224898303396,0.002975685375546839,2,2,Mixed
Wolf4612,0.11462450592885375,0.00022543244255369561,0.49607843137254903,0.0016520767540804749,0.002407195462354273,2,2,Mixed
CosmiicBrowni,0.11067193675889328,6.363827699912904e-07,0.49705304518664045,0.00098852434822287,0.003315336035718598,1,1,Mixed
ShedSoManyTears4Gaza,0.11067193675889328,6.363827699912904e-07,0.49705304518664045,0.00098852434822287,0.003315336035718598,1,1,Mixed
pimpin_n_stuff,0.11067193675889328,6.363827699912904e-07,0.49705304518664045,0.00098852434822287,0.003315336035718598,1,2,Mixed
Altruistic_You9489,0.11067193675889328,6.363827699912904e-07,0.49705304518664045,0.00098852434822287,0.003315336035718598,1,1,Mixed
Kernowite,0.11067193675889328,6.363827699912904e-07,0.49705304518664045,0.00098852434822287,0.003315336035718598,1,2,Mixed
Nervous-Savings2251,0.11067193675889328,6.363827699912904e-07,0.49705304518664045,0.00098852434822287,0.003315336035718598,1,1,Mixed
ThrovvQuestionsAway,0.11067193675889328,6.363827699912904e-07,0.49705304518664045,0.00098852434822287,0.003315336035718598,1,1,Mixed
shladvic,0.11067193675889328,6.363827699912904e-07,0.49705304518664045,0.00098852434822287,0.003315336035718598,1,1,Mixed
urek__mazino_4444,0.11067193675889328,6.363827699912904e-07,0.49705304518664045,0.00098852434822287,0.003315336035718598,1,1,Mixed
Ur_Shado,0.11067193675889328,6.363827699912904e-07,0.49705304518664045,0.00098852434822287,0.003315336035718598,1,1,Mixed
Altruistic-Look6136,0.11067193675889328,6.363827699912904e-07,0.49705304518664045,0.00098852434822287,0.003315336035718598,1,1,Mixed
walkyslaysh,0.11067193675889328,6.363827699912904e-07,0.49705304518664045,0.00098852434822287,0.003315336035718598,1,1,Mixed
hanandmeow,0.11067193675889328,6.363827699912904e-07,0.49705304518664045,0.00098852434822287,0.003315336035718598,1,1,Mixed
SystemNo524,0.11067193675889328,6.363827699912904e-07,0.49705304518664045,0.00098852434822287,0.003315336035718598,1,1,Mixed
KrackalackinKraken,0.11067193675889328,6.363827699912904e-07,0.49705304518664045,0.00098852434822287,0.003315336035718598,1,1,Mixed
littleeeloveee,0.11067193675889328,6.363827699912904e-07,0.49705304518664045,0.00098852434822287,0.003315336035718598,1,1,Mixed
roxi3smiles,0.11067193675889328,6.363827699912904e-07,0.49705304518664045,0.00098852434822287,0.003315336035718598,1,1,Mixed
Accomplished-Low9635,0.11067193675889328,6.363827699912904e-07,0.49705304518664045,0.00098852434822287,0.003315336035718598,1,1,Mixed
Forward-Molasses4404,0.11067193675889328,6.363827699912904e-07,0.49705304518664045,0.00098852434822287,0.003315336035718598,1,1,Mixed
CryingInTheGrass,0.11067193675889328,6.363827699912904e-07,0.49705304518664045,0.00098852434822287,0.003315336035718598,1,1,Mixed
SamZ025,0.07905138339920947,7.495970228889483e-06,0.4856046065259117,0.0008446485247361378,0.002950682037760583,1,1,Mixed
ResearchWorking3402,0.07905138339920947,7.495970228889483e-06,0.4856046065259117,0.0008446485247361378,0.002950682037760583,1,2,Mixed
Psychological-Gear78,0.07905138339920947,7.495970228889483e-06,0.4856046065259117,0.0008446485247361378,0.002950682037760583,1,1,Mixed
guibidesc,0.07905138339920947,7.495970228889483e-06,0.4856046065259117,0.0008446485247361378,0.002950682037760583,1,1,Mixed
Amoonthedollygirl,0.07905138339920947,7.495970228889483e-06,0.4856046065259117,0.0008446485247361378,0.002950682037760583,1,1,Mixed
calombia,0.07905138339920947,7.495970228889483e-06,0.4856046065259117,0.0008446485247361378,0.0029506820377605833,1,1,Mixed
Blood11Orange,0.07905138339920947,8.083864844668388e-05,0.5111111111111111,0.0019244382826440146,0.0022769104262537468,1,1,Mixed
-SimpleRicks-,0.07905138339920947,7.495970228889483e-06,0.4856046065259117,0.0008446485247361378,0.0029506820377605833,1,1,Mixed
weirdgurl24,0.07905138339920947,8.083864844668388e-05,0.5111111111111111,0.0019244382826440146,0.0022769104262537468,1,1,Mixed
Dangermouse0214,0.07905138339920947,8.083864844668388e-05,0.5111111111111111,0.0019244382826440146,0.0022769104262537468,1,1,Mixed
QuranTutor_Muhamad,0.07905138339920947,8.083864844668388e-05,0.5111111111111111,0.0019244382826440146,0.0022769104262537468,1,1,Mixed
torbatosecco,0.07905138339920947,8.083864844668388e-05,0.5111111111111111,0.0019244382826440146,0.0022769104262537468,1,1,Mixed
venrir,0.07905138339920947,8.083864844668388e-05,0.5111111111111111,0.0019244382826440146,0.0022769104262537468,1,1,Mixed
barccy,0.07905138339920947,7.495970228889483e-06,0.4856046065259117,0.0008446485247361378,0.0029506820377605833,1,1,Mixed
SnooTomatoes1513,0.07905138339920947,7.495970228889483e-06,0.4856046065259117,0.0008446485247361378,0.0029506820377605833,1,1,Mixed
Chobikil,0.07905138339920947,7.495970228889483e-06,0.4856046065259117,0.0008446485247361378,0.0029506820377605833,1,1,Mixed
damon121231,0.07905138339920947,7.495970228889483e-06,0.4856046065259117,0.0008446485247361378,0.0029506820377605833,1,1,Mixed
hmountain,0.07905138339920947,7.495970228889483e-06,0.4856046065259117,0.0008446485247361378,0.0029506820377605833,1,1,Mixed
PerspectiveGrand716,0.07905138339920947,8.083864844668388e-05,0.5111111111111111,0.0019244382826440146,0.0022769104262537468,1,1,Mixed
blue_dottt,0.07905138339920947,8.083864844668388e-05,0.5111111111111111,0.0019244382826440146,0.0022769104262537468,1,1,Mixed
Unlikely-Sky6932,0.07905138339920947,7.495970228889483e-06,0.4856046065259117,0.0008446485247361378,0.0029506820377605833,1,1,Mixed
UXUI75,0.07905138339920947,8.083864844668388e-05,0.5111111111111111,0.0019244382826440146,0.0022769104262537468,1,1,Mixed
pinklewickers,0.07905138339920947,7.495970228889483e-06,0.4856046065259117,0.0008446485247361378,0.0029506820377605833,1,1,Mixed
Virtual-Tale7778,0.07905138339920947,7.495970228889483e-06,0.4856046065259117,0.0008446485247361378,0.0029506820377605833,1,2,Mixed
BuyingDragonScimitar,0.07114624505928853,3.0367550258508547e-05,0.5173824130879345,0.0009839881217552843,0.002560184758613661,1,1,Mixed
Relative-Chain73,0.07114624505928853,3.0367550258508547e-05,0.5173824130879345,0.0009839881217552843,0.002560184758613661,1,1,Mixed
elifshafakenthusiast,0.07114624505928853,3.0367550258508547e-05,0.5173824130879345,0.0009839881217552843,0.002560184758613661,1,1,Mixed
yanonce,0.07114624505928853,3.0367550258508547e-05,0.5173824130879345,0.0009839881217552843,0.002560184758613661,1,1,Mixed
MagnusRottcodd,0.07114624505928853,3.0367550258508547e-05,0.5173824130879345,0.0009839881217552843,0.002560184758613661,1,1,Mixed
comrade-sunflower,0.07114624505928853,3.0367550258508547e-05,0.5173824130879345,0.0009839881217552843,0.002560184758613661,1,1,Mixed
GermanLetsKotz,0.07114624505928853,3.0367550258508547e-05,0.5173824130879345,0.0009839881217552843,0.002560184758613661,1,1,Mixed
dramaqueen09,0.07114624505928853,3.0367550258508547e-05,0.5173824130879345,0.0009839881217552843,0.002560184758613661,1,1,Mixed
Novel_Bass6032,0.07114624505928853,3.0367550258508547e-05,0.5173824130879345,0.0009839881217552843,0.002560184758613661,1,1,Mixed
kamotos,0.07114624505928853,3.0367550258508547e-05,0.5173824130879345,0.0009839881217552843,0.002560184758613661,1,1,Mixed
tallbigbear,0.07114624505928853,3.0367550258508547e-05,0.5173824130879345,0.0009839881217552843,0.002560184758613661,1,1,Mixed
Practical_Chef_7897,0.06324110671936758,0.0,0.5163265306122449,0.0010698942189284577,0.0012564493104576851,5,10,Mixed
SylviaPlathsDaughter,0.05928853754940711,5.39526231225836e-06,0.49510763209393344,0.00013289828591876037,0.003015956896481139,1,1,Mixed
pixelatedprophecies,0.05928853754940711,5.39526231225836e-06,0.49510763209393344,0.0001328982859187604,0.003015956896481139,1,1,Mixed
Just_Treacle_611,0.05928853754940711,5.39526231225836e-06,0.49510763209393344,0.0001328982859187604,0.003015956896481139,1,1,Mixed
Conscious-Rich3823,0.05928853754940711,5.39526231225836e-06,0.49510763209393344,0.0001328982859187604,0.003015956896481139,1,1,Mixed
Farley_B,0.05928853754940711,5.39526231225836e-06,0.49510763209393344,0.00013289828591876037,0.003015956896481139,1,1,Mixed
Ok_Consequence_5756,0.05928853754940711,5.39526231225836e-06,0.49510763209393344,0.0001328982859187604,0.003015956896481139,1,1,Mixed
BlackberryIcy2214,0.05928853754940711,5.39526231225836e-06,0.49510763209393344,0.00013289828591876037,0.003015956896481139,1,1,Mixed
_maeverie,0.05928853754940711,5.39526231225836e-06,0.49510763209393344,0.00013289828591876037,0.003015956896481139,1,1,Mixed
cindyloowhovian,0.05928853754940711,5.39526231225836e-06,0.49510763209393344,0.0001328982859187604,0.003015956896481139,1,1,Mixed
DragonflyNo19,0.05928853754940711,5.39526231225836e-06,0.49510763209393344,0.00013289828591876037,0.003015956896481139,1,1,Mixed
nesmacon,0.05928853754940711,5.39526231225836e-06,0.49510763209393344,0.00013289828591876037,0.003015956896481139,1,1,Mixed
OkShelter6459,0.04743083003952569,0.0,0.4633699633699634,0.0009194872269079694,0.0021050530548811747,1,1,Mixed
Fit_Fisherman_3317,0.04743083003952569,0.0,0.4633699633699634,0.0009194872269079694,0.0021050530548811747,1,2,Mixed
Aqn95,0.04743083003952569,0.0,0.4633699633699634,0.0009194872269079693,0.0021050530548811747,1,1,Mixed
melow_shri,0.04743083003952569,0.0,0.4633699633699634,0.0009194872269079693,0.0021050530548811747,1,2,Mixed
wild_orca,0.04743083003952569,0.0,0.4633699633699634,0.0009194872269079693,0.0021050530548811747,1,1,Mixed
mania_d,0.04743083003952569,0.0,0.4633699633699634,0.0009194872269079693,0.0021050530548811747,1,1,Mixed
willflameboy,0.04743083003952569,0.0,0.4633699633699634,0.0009194872269079693,0.0021050530548811747,1,1,Mixed
CNCMachina,0.035573122529644265,0.0,0.4517857142857143,0.0011653935201975214,0.0014142955354549494,1,1,Mixed
whater39,0.035573122529644265,0.0,0.4517857142857143,0.0011653935201975214,0.0014142955354549494,1,1,Mixed
Rich_Ask3503,0.035573122529644265,0.0,0.4517857142857143,0.0011653935201975214,0.0014142955354549494,1,1,Mixed
secret-agent-zero,0.035573122529644265,0.0,0.4517857142857143,0.0011653935201975214,0.0014142955354549494,1,1,Mixed
Puripuri_Purizona,0.01976284584980237,2.6581208646426052e-06,0.45585585585585586,0.00018931970039805837,0.0017260632011339345,1,2,Mixed
Dazzling_Pirate1411,0.01976284584980237,2.6581208646426052e-06,0.45585585585585586,0.00018931970039805837,0.0017260632011339345,1,1,Mixed
Known-Platform1735,0.01976284584980237,2.6581208646426052e-06,0.45585585585585586,0.00018931970039805837,0.0017260632011339345,1,1,Mixed
