Id,Label,role_category,hub_level,broker_level,Degree,Betweenness,NumPosts,Community,PrimarySubreddit,label_color
richards1052,▲ richards1052,Contributor,Non-hub,Non-broker,0.1462450592885375,0.001232961535419,13,0,BDS,#00FF00
wild_orca,○ wild_orca,Regular,Non-hub,Non-broker,0.0474308300395256,0.0,1,6,BDS,#CCCCCC
Level-Kiwi-3836,○ Level-Kiwi-3836,Regular,Non-hub,Non-broker,0.4308300395256916,5.2257423759762985e-06,3,2,BDS,#CCCCCC
90stvkid,⬢ 90stvkid,Specialist,Hub,Non-broker,0.6996047430830039,0.0192008072442855,3,0,BDS,#0000FF
Tr0jan___,▲ Tr0jan___,Contributor,Non-hub,Non-broker,0.1778656126482213,0.0116694899303594,41,0,BDS,#00FF00
manofwater3615,⬢ manofwater3615,Specialist,Non-hub,Non-broker,0.1699604743083003,0.0002933999018255,3,3,BDS,#0000FF
blue_dottt,○ blue_dottt,Regular,Non-hub,Non-broker,0.0790513833992094,8.083864844668388e-05,1,6,BDS,#CCCCCC
TendieRetard,⬢ TendieRetard,Specialist,Non-hub,Non-broker,0.4822134387351778,0.0001198997662638,2,2,BDS,#0000FF
ContentChecker,▲ ContentChecker,Contributor,Non-hub,Non-broker,0.1462450592885375,0.0005041542308623,11,0,BDS,#00FF00
Reasonable-Image-938,○ Reasonable-Image-938,Regular,Non-hub,Non-broker,0.2687747035573122,3.233939231930051e-05,1,0,BDS,#CCCCCC
Firm_Paint8474,⬢ Firm_Paint8474,Specialist,Non-hub,Non-broker,0.4387351778656126,3.0304993800689555e-05,3,2,BDS,#0000FF
Ilovedia,⬤ Ilovedia,Hub-Broker,Super-hub,Super-broker,0.7312252964426877,0.1238829554354428,7,0,BoycottIsrael,#FF0000
newsspotter,◻ newsspotter,Broker,Hub,Super-broker,0.6403162055335968,0.1027156345479328,6,0,BDS,#FFFF00
Amr_Abu_Ouda,○ Amr_Abu_Ouda,Regular,Non-hub,Non-broker,0.4308300395256916,5.2257423759762985e-06,2,2,BoycottIsrael,#CCCCCC
WhichSideOfNoWhere,○ WhichSideOfNoWhere,Regular,Non-hub,Non-broker,0.4308300395256916,5.2257423759762985e-06,1,2,BDS,#CCCCCC
GRS_89,○ GRS_89,Regular,Non-hub,Non-broker,0.4308300395256916,5.2257423759762985e-06,1,2,BDS,#CCCCCC
Due_Sun9,○ Due_Sun9,Regular,Non-hub,Non-broker,0.4308300395256916,5.2257423759762985e-06,1,2,BDS,#CCCCCC
CharlieSmith_27,○ CharlieSmith_27,Regular,Non-hub,Non-broker,0.4308300395256916,5.2257423759762985e-06,1,2,BDS,#CCCCCC
redSpider2077,○ redSpider2077,Regular,Non-hub,Non-broker,0.2687747035573122,3.233939231930051e-05,1,0,BDS,#CCCCCC
BuyingDragonScimitar,○ BuyingDragonScimitar,Regular,Non-hub,Non-broker,0.0711462450592885,3.0367550258508547e-05,1,5,BDS,#CCCCCC
FireProStan,○ FireProStan,Regular,Non-hub,Non-broker,0.2687747035573122,3.233939231930051e-05,1,0,BDS,#CCCCCC
K9Imperium,⬢ K9Imperium,Specialist,Hub,Non-broker,0.6521739130434783,4.527057672786167e-05,2,0,BoycottIsrael,#0000FF
YamFrosty6169,⬢ YamFrosty6169,Specialist,Hub,Non-broker,0.6521739130434783,4.527057672786167e-05,4,0,BDS,#0000FF
reparationsNowToday,○ reparationsNowToday,Regular,Non-hub,Non-broker,0.4308300395256916,5.2257423759762985e-06,1,2,BDS,#CCCCCC
Glad_Opinion_6339,⬢ Glad_Opinion_6339,Specialist,Non-hub,Non-broker,0.3399209486166007,0.0111414350544785,5,0,BDS,#0000FF
angels-cry,○ angels-cry,Regular,Non-hub,Non-broker,0.4308300395256916,5.2257423759762985e-06,1,2,BDS,#CCCCCC
iLikeDucks72,○ iLikeDucks72,Regular,Non-hub,Non-broker,0.4308300395256916,5.2257423759762985e-06,1,2,BDS,#CCCCCC
Affectionate-Rent415,○ Affectionate-Rent415,Regular,Non-hub,Non-broker,0.2687747035573122,3.233939231930051e-05,1,0,BDS,#CCCCCC
CelestialCometDoll,○ CelestialCometDoll,Regular,Non-hub,Non-broker,0.4308300395256916,5.2257423759762985e-06,1,2,BDS,#CCCCCC
ChargeResponsible112,○ ChargeResponsible112,Regular,Non-hub,Non-broker,0.2687747035573122,3.233939231930051e-05,1,0,BDS,#CCCCCC
SnooTomatoes1513,○ SnooTomatoes1513,Regular,Non-hub,Non-broker,0.0790513833992094,7.495970228889483e-06,1,5,BDS,#CCCCCC
tortilla_avalanche,⬢ tortilla_avalanche,Specialist,Non-hub,Non-broker,0.4387351778656126,3.0304993800689555e-05,2,2,BDS,#0000FF
Kernowite,○ Kernowite,Regular,Non-hub,Non-broker,0.1106719367588932,6.363827699912904e-07,2,3,BDS,#CCCCCC
Relative-Narwhal-504,○ Relative-Narwhal-504,Regular,Non-hub,Non-broker,0.4308300395256916,5.2257423759762985e-06,1,2,BDS,#CCCCCC
Brutally_Honest_Swan,○ Brutally_Honest_Swan,Regular,Non-hub,Non-broker,0.4308300395256916,5.2257423759762985e-06,1,2,BDS,#CCCCCC
melow_shri,○ melow_shri,Regular,Non-hub,Non-broker,0.0474308300395256,0.0,2,6,BDS,#CCCCCC
Just_Treacle_611,○ Just_Treacle_611,Regular,Non-hub,Non-broker,0.0592885375494071,5.39526231225836e-06,1,6,BDS,#CCCCCC
[deleted],▲ [deleted],Contributor,Non-hub,Non-broker,0.1660079051383399,0.0043015559319907,14,0,BoycottIsrael,#00FF00
OmegaDGalaxyGoji777,○ OmegaDGalaxyGoji777,Regular,Non-hub,Non-broker,0.4308300395256916,5.2257423759762985e-06,1,2,BDS,#CCCCCC
Life-Focus-3105,○ Life-Focus-3105,Regular,Non-hub,Non-broker,0.4308300395256916,5.2257423759762985e-06,1,2,BDS,#CCCCCC
Dingus-the-Mingus,⬢ Dingus-the-Mingus,Specialist,Hub,Non-broker,0.6521739130434783,4.527057672786167e-05,3,0,BDS,#0000FF
Fledgling_112896,○ Fledgling_112896,Regular,Non-hub,Non-broker,0.2687747035573122,3.233939231930051e-05,1,0,BDS,#CCCCCC
Die_Hard_new3492,⬢ Die_Hard_new3492,Specialist,Non-hub,Non-broker,0.1660079051383399,0.0003271002506519,4,3,BDS,#0000FF
Virtual_Ad_4734,○ Virtual_Ad_4734,Regular,Non-hub,Non-broker,0.4308300395256916,5.2257423759762985e-06,1,2,BDS,#CCCCCC
barccy,○ barccy,Regular,Non-hub,Non-broker,0.0790513833992094,7.495970228889483e-06,1,5,BDS,#CCCCCC
SuccessfulOwl9919,○ SuccessfulOwl9919,Regular,Non-hub,Non-broker,0.4308300395256916,5.2257423759762985e-06,1,2,BDS,#CCCCCC
mornunglake,○ mornunglake,Regular,Non-hub,Non-broker,0.4308300395256916,5.2257423759762985e-06,1,2,BDS,#CCCCCC
pixelatedprophecies,○ pixelatedprophecies,Regular,Non-hub,Non-broker,0.0592885375494071,5.39526231225836e-06,1,6,BDS,#CCCCCC
Unlikely-Sky6932,○ Unlikely-Sky6932,Regular,Non-hub,Non-broker,0.0790513833992094,7.495970228889483e-06,1,5,BDS,#CCCCCC
veinsouls,○ veinsouls,Regular,Non-hub,Non-broker,0.4308300395256916,5.2257423759762985e-06,1,2,BDS,#CCCCCC
pimpin_n_stuff,○ pimpin_n_stuff,Regular,Non-hub,Non-broker,0.1106719367588932,6.363827699912904e-07,2,3,BoycottIsrael,#CCCCCC
No-Trick-7397,○ No-Trick-7397,Regular,Non-hub,Non-broker,0.4308300395256916,5.2257423759762985e-06,1,2,BDS,#CCCCCC
dark00H,○ dark00H,Regular,Non-hub,Non-broker,0.4308300395256916,5.2257423759762985e-06,2,2,BDS,#CCCCCC
Altruistic_You9489,○ Altruistic_You9489,Regular,Non-hub,Non-broker,0.1106719367588932,6.363827699912904e-07,1,3,BDS,#CCCCCC
Nervous-Savings2251,○ Nervous-Savings2251,Regular,Non-hub,Non-broker,0.1106719367588932,6.363827699912904e-07,1,3,BDS,#CCCCCC
DesignerSkyline01,○ DesignerSkyline01,Regular,Non-hub,Non-broker,0.4308300395256916,5.2257423759762985e-06,2,2,BDS,#CCCCCC
Accomplished_Cry6108,○ Accomplished_Cry6108,Regular,Non-hub,Non-broker,0.4308300395256916,5.2257423759762985e-06,1,2,BDS,#CCCCCC
SchemeBoth2169,○ SchemeBoth2169,Regular,Non-hub,Non-broker,0.4308300395256916,5.2257423759762985e-06,1,2,BDS,#CCCCCC
CraftyOpportunity646,○ CraftyOpportunity646,Regular,Non-hub,Non-broker,0.4308300395256916,5.2257423759762985e-06,1,2,BDS,#CCCCCC
VolkswagenPanda,○ VolkswagenPanda,Regular,Non-hub,Non-broker,0.4308300395256916,5.2257423759762985e-06,1,2,BDS,#CCCCCC
Imaginary-Hold5898,○ Imaginary-Hold5898,Regular,Non-hub,Non-broker,0.2687747035573122,3.233939231930051e-05,1,0,BDS,#CCCCCC
Relative-Chain73,○ Relative-Chain73,Regular,Non-hub,Non-broker,0.0711462450592885,3.0367550258508547e-05,1,5,BDS,#CCCCCC
Practical_Chef_7897,○ Practical_Chef_7897,Regular,Non-hub,Non-broker,0.0632411067193675,0.0,10,0,BoycottIsrael,#CCCCCC
amotivatedgal,○ amotivatedgal,Regular,Non-hub,Non-broker,0.4308300395256916,5.2257423759762985e-06,1,2,BDS,#CCCCCC
Pack_Em_Up,○ Pack_Em_Up,Regular,Non-hub,Non-broker,0.4308300395256916,5.2257423759762985e-06,1,2,BDS,#CCCCCC
Burning-Bush-613,⬢ Burning-Bush-613,Specialist,Non-hub,Non-broker,0.4822134387351778,0.0001198997662638,2,2,BDS,#0000FF
SnooOnions4663,○ SnooOnions4663,Regular,Non-hub,Non-broker,0.4308300395256916,5.2257423759762985e-06,1,2,BDS,#CCCCCC
mar_de_mariposas,○ mar_de_mariposas,Regular,Non-hub,Non-broker,0.4308300395256916,5.2257423759762985e-06,1,2,BDS,#CCCCCC
endingcolonialism,⬢ endingcolonialism,Specialist,Hub,Non-broker,0.6521739130434783,4.527057672786167e-05,3,0,BDS,#0000FF
KnowTheTruthMatters,⬤ KnowTheTruthMatters,Hub-Broker,Super-hub,Super-broker,0.7312252964426877,0.1238829554354428,5,0,BDS,#FF0000
MagnusRottcodd,○ MagnusRottcodd,Regular,Non-hub,Non-broker,0.0711462450592885,3.0367550258508547e-05,1,5,BDS,#CCCCCC
Conscious-Rich3823,○ Conscious-Rich3823,Regular,Non-hub,Non-broker,0.0592885375494071,5.39526231225836e-06,1,6,BDS,#CCCCCC
Puripuri_Purizona,○ Puripuri_Purizona,Regular,Non-hub,Non-broker,0.0197628458498023,2.658120864642605e-06,2,1,BoycottIsrael,#CCCCCC
hmountain,○ hmountain,Regular,Non-hub,Non-broker,0.0790513833992094,7.495970228889483e-06,1,5,BDS,#CCCCCC
Pepperina_G,○ Pepperina_G,Regular,Non-hub,Non-broker,0.2687747035573122,3.233939231930051e-05,1,0,BDS,#CCCCCC
barb_20,○ barb_20,Regular,Non-hub,Non-broker,0.4308300395256916,5.2257423759762985e-06,1,2,BDS,#CCCCCC
Fhlurrhy108,○ Fhlurrhy108,Regular,Non-hub,Non-broker,0.4308300395256916,5.2257423759762985e-06,1,2,BDS,#CCCCCC
Nomogg,○ Nomogg,Regular,Non-hub,Petit-broker,0.217391304347826,0.0362360889696231,4,5,BDS,#CCCCCC
antifamarketer,○ antifamarketer,Regular,Non-hub,Non-broker,0.4308300395256916,5.2257423759762985e-06,1,2,BDS,#CCCCCC
cindyloowhovian,○ cindyloowhovian,Regular,Non-hub,Non-broker,0.0592885375494071,5.39526231225836e-06,1,6,BDS,#CCCCCC
roxi3smiles,○ roxi3smiles,Regular,Non-hub,Non-broker,0.1106719367588932,6.363827699912904e-07,1,3,BDS,#CCCCCC
Virtual-Tale7778,○ Virtual-Tale7778,Regular,Non-hub,Non-broker,0.0790513833992094,7.495970228889483e-06,2,5,BoycottIsrael,#CCCCCC
MoonGlissades,○ MoonGlissades,Regular,Non-hub,Non-broker,0.4308300395256916,5.2257423759762985e-06,1,2,BDS,#CCCCCC
Dear-Boot4077,○ Dear-Boot4077,Regular,Non-hub,Non-broker,0.2687747035573122,3.233939231930051e-05,1,0,BDS,#CCCCCC
elifshafakenthusiast,○ elifshafakenthusiast,Regular,Non-hub,Non-broker,0.0711462450592885,3.0367550258508547e-05,1,5,BDS,#CCCCCC
MrJasonMason,⬢ MrJasonMason,Specialist,Non-hub,Non-broker,0.4822134387351778,0.0001198997662638,2,2,BDS,#0000FF
shane_4_us,○ shane_4_us,Regular,Non-hub,Non-broker,0.4308300395256916,5.2257423759762985e-06,1,2,BDS,#CCCCCC
Comfortable_Spend436,○ Comfortable_Spend436,Regular,Non-hub,Non-broker,0.4308300395256916,5.2257423759762985e-06,2,2,BDS,#CCCCCC
yanonce,○ yanonce,Regular,Non-hub,Non-broker,0.0711462450592885,3.0367550258508547e-05,1,5,BDS,#CCCCCC
KingofTrilobites123,⬤ KingofTrilobites123,Hub,Super-hub,Petit-broker,0.7351778656126482,0.0297723612941003,3,0,BDS,#FF0000
ABCecy,○ ABCecy,Regular,Non-hub,Non-broker,0.4308300395256916,5.2257423759762985e-06,1,2,BDS,#CCCCCC
ThrovvQuestionsAway,○ ThrovvQuestionsAway,Regular,Non-hub,Non-broker,0.1106719367588932,6.363827699912904e-07,1,3,BDS,#CCCCCC
pinklewickers,○ pinklewickers,Regular,Non-hub,Non-broker,0.0790513833992094,7.495970228889483e-06,1,5,BDS,#CCCCCC
Chobikil,○ Chobikil,Regular,Non-hub,Non-broker,0.0790513833992094,7.495970228889483e-06,1,5,BDS,#CCCCCC
kamotos,○ kamotos,Regular,Non-hub,Non-broker,0.0711462450592885,3.0367550258508547e-05,1,5,BDS,#CCCCCC
Apollo_Delphi,⬢ Apollo_Delphi,Specialist,Non-hub,Non-broker,0.4782608695652173,3.587017456165752e-05,2,2,BoycottIsrael,#0000FF
Alternative-Dare-601,○ Alternative-Dare-601,Regular,Non-hub,Non-broker,0.4308300395256916,5.2257423759762985e-06,1,2,BDS,#CCCCCC
Dazzling_Pirate1411,○ Dazzling_Pirate1411,Regular,Non-hub,Non-broker,0.0197628458498023,2.658120864642605e-06,1,1,BDS,#CCCCCC
ReachZestyclose,○ ReachZestyclose,Regular,Non-hub,Non-broker,0.2687747035573122,3.233939231930051e-05,2,0,BoycottIsrael,#CCCCCC
torbatosecco,○ torbatosecco,Regular,Non-hub,Non-broker,0.0790513833992094,8.083864844668388e-05,1,6,BDS,#CCCCCC
Witty-Savings-2048,○ Witty-Savings-2048,Regular,Non-hub,Non-broker,0.4308300395256916,5.2257423759762985e-06,2,2,BoycottIsrael,#CCCCCC
Ok-Following6886,○ Ok-Following6886,Regular,Non-hub,Non-broker,0.2687747035573122,3.233939231930051e-05,4,0,BDS,#CCCCCC
SecretBiscotti8128,⬢ SecretBiscotti8128,Specialist,Non-hub,Non-broker,0.4822134387351778,0.0001198997662638,7,2,BDS,#0000FF
adilbuilds,○ adilbuilds,Regular,Hub,Broker,0.6561264822134387,0.0907397567875555,8,0,BDS,#CCCCCC
QuranTutor_Muhamad,○ QuranTutor_Muhamad,Regular,Non-hub,Non-broker,0.0790513833992094,8.083864844668388e-05,1,6,BDS,#CCCCCC
UXUI75,○ UXUI75,Regular,Non-hub,Non-broker,0.0790513833992094,8.083864844668388e-05,1,6,BDS,#CCCCCC
pumpkinzh,○ pumpkinzh,Regular,Non-hub,Petit-broker,0.308300395256917,0.0246666369067124,5,0,BDS,#CCCCCC
Aqn95,○ Aqn95,Regular,Non-hub,Non-broker,0.0474308300395256,0.0,1,6,BDS,#CCCCCC
whater39,○ whater39,Regular,Non-hub,Non-broker,0.0355731225296442,0.0,1,4,BDS,#CCCCCC
damon121231,○ damon121231,Regular,Non-hub,Non-broker,0.0790513833992094,7.495970228889483e-06,1,5,BDS,#CCCCCC
librephili,▲ librephili,Contributor,Non-hub,Non-broker,0.142292490118577,0.0082188343057908,28,0,BoycottIsrael,#00FF00
Songmorning,○ Songmorning,Regular,Non-hub,Non-broker,0.2687747035573122,3.233939231930051e-05,1,0,BDS,#CCCCCC
Narrow_Guava_6239,⬢ Narrow_Guava_6239,Specialist,Non-hub,Non-broker,0.450592885375494,1.7149917746162612e-05,2,2,BDS,#0000FF
Plane-Imagination593,○ Plane-Imagination593,Regular,Non-hub,Non-broker,0.2687747035573122,3.233939231930051e-05,1,0,BDS,#CCCCCC
safemath,⬢ safemath,Specialist,Non-hub,Non-broker,0.3557312252964427,0.0004984006548715,2,0,BDS,#0000FF
Particular_Log_3594,○ Particular_Log_3594,Regular,Hub,Broker,0.6758893280632411,0.0845351688249336,4,0,BDS,#CCCCCC
mania_d,○ mania_d,Regular,Non-hub,Non-broker,0.0474308300395256,0.0,1,6,BDS,#CCCCCC
chopstickemup,○ chopstickemup,Regular,Non-hub,Non-broker,0.2687747035573122,3.233939231930051e-05,1,0,BDS,#CCCCCC
Able_Ad_4891,○ Able_Ad_4891,Regular,Non-hub,Non-broker,0.4308300395256916,5.2257423759762985e-06,1,2,BDS,#CCCCCC
PerspectiveGrand716,○ PerspectiveGrand716,Regular,Non-hub,Non-broker,0.0790513833992094,8.083864844668388e-05,1,6,BDS,#CCCCCC
CosmiicBrowni,○ CosmiicBrowni,Regular,Non-hub,Non-broker,0.1106719367588932,6.363827699912904e-07,1,3,BDS,#CCCCCC
carTot254,○ carTot254,Regular,Non-hub,Non-broker,0.2687747035573122,3.233939231930051e-05,1,0,BDS,#CCCCCC
ShedSoManyTears4Gaza,○ ShedSoManyTears4Gaza,Regular,Non-hub,Non-broker,0.1106719367588932,6.363827699912904e-07,1,3,BDS,#CCCCCC
itsamefas,○ itsamefas,Regular,Non-hub,Non-broker,0.4308300395256916,5.2257423759762985e-06,1,2,BDS,#CCCCCC
CosmeticChemistPro,○ CosmeticChemistPro,Regular,Non-hub,Non-broker,0.4308300395256916,5.2257423759762985e-06,1,2,BDS,#CCCCCC
Hamdan-mohamed,○ Hamdan-mohamed,Regular,Non-hub,Non-broker,0.4308300395256916,5.2257423759762985e-06,1,2,BDS,#CCCCCC
natural_piano1836,○ natural_piano1836,Regular,Non-hub,Non-broker,0.2687747035573122,3.233939231930051e-05,1,0,BDS,#CCCCCC
Blood11Orange,○ Blood11Orange,Regular,Non-hub,Non-broker,0.0790513833992094,8.083864844668388e-05,1,6,BDS,#CCCCCC
CNCMachina,○ CNCMachina,Regular,Non-hub,Non-broker,0.0355731225296442,0.0,1,4,BDS,#CCCCCC
dramaqueen09,○ dramaqueen09,Regular,Non-hub,Non-broker,0.0711462450592885,3.0367550258508547e-05,1,5,BDS,#CCCCCC
SillyPassion7773,○ SillyPassion7773,Regular,Non-hub,Non-broker,0.4308300395256916,5.2257423759762985e-06,1,2,BDS,#CCCCCC
librePali,○ librePali,Regular,Non-hub,Non-broker,0.2687747035573122,3.233939231930051e-05,1,0,BDS,#CCCCCC
willflameboy,○ willflameboy,Regular,Non-hub,Non-broker,0.0474308300395256,0.0,1,6,BDS,#CCCCCC
Known-Platform1735,○ Known-Platform1735,Regular,Non-hub,Non-broker,0.0197628458498023,2.658120864642605e-06,1,1,BDS,#CCCCCC
ExtHD,○ ExtHD,Regular,Non-hub,Non-broker,0.2687747035573122,3.233939231930051e-05,1,0,BDS,#CCCCCC
ibrahim_D12,○ ibrahim_D12,Regular,Non-hub,Non-broker,0.2687747035573122,3.233939231930051e-05,1,0,BoycottIsrael,#CCCCCC
That-Flamingo9866,○ That-Flamingo9866,Regular,Non-hub,Non-broker,0.4308300395256916,5.2257423759762985e-06,1,2,BoycottIsrael,#CCCCCC
ConfidenceCareless71,○ ConfidenceCareless71,Regular,Non-hub,Non-broker,0.2687747035573122,3.233939231930051e-05,1,0,BoycottIsrael,#CCCCCC
No_Newspaper_2914,○ No_Newspaper_2914,Regular,Non-hub,Non-broker,0.4308300395256916,5.2257423759762985e-06,1,2,BoycottIsrael,#CCCCCC
Enough_Credit_8199,⬢ Enough_Credit_8199,Specialist,Non-hub,Non-broker,0.3557312252964427,0.0004984006548715,3,0,BoycottIsrael,#0000FF
Sad_Recognition_6037,○ Sad_Recognition_6037,Regular,Non-hub,Non-broker,0.4308300395256916,5.2257423759762985e-06,1,2,BoycottIsrael,#CCCCCC
DarkShadow13206,○ DarkShadow13206,Regular,Non-hub,Non-broker,0.4308300395256916,5.2257423759762985e-06,1,2,BoycottIsrael,#CCCCCC
Miserable-Spinach867,○ Miserable-Spinach867,Regular,Non-hub,Non-broker,0.2687747035573122,3.233939231930051e-05,2,0,BoycottIsrael,#CCCCCC
Big_Fennel2186,○ Big_Fennel2186,Regular,Non-hub,Non-broker,0.2687747035573122,3.233939231930051e-05,1,0,BoycottIsrael,#CCCCCC
introvertaltsakki,○ introvertaltsakki,Regular,Non-hub,Non-broker,0.4308300395256916,5.2257423759762985e-06,1,2,BoycottIsrael,#CCCCCC
Jealous-Ad-4838,○ Jealous-Ad-4838,Regular,Non-hub,Non-broker,0.4308300395256916,5.2257423759762985e-06,1,2,BoycottIsrael,#CCCCCC
urek__mazino_4444,○ urek__mazino_4444,Regular,Non-hub,Non-broker,0.1106719367588932,6.363827699912904e-07,1,3,BoycottIsrael,#CCCCCC
PandoraHadess,○ PandoraHadess,Regular,Non-hub,Non-broker,0.4308300395256916,5.2257423759762985e-06,3,2,BoycottIsrael,#CCCCCC
Weird-Noise-180,○ Weird-Noise-180,Regular,Non-hub,Non-broker,0.4308300395256916,5.2257423759762985e-06,1,2,BoycottIsrael,#CCCCCC
Financial_Smile4143,○ Financial_Smile4143,Regular,Hub,Broker,0.6600790513833992,0.095557453476708,8,0,BoycottIsrael,#CCCCCC
ElkNational9973,○ ElkNational9973,Regular,Non-hub,Non-broker,0.4308300395256916,5.2257423759762985e-06,1,2,BoycottIsrael,#CCCCCC
jodio_hoestar,⬢ jodio_hoestar,Specialist,Non-hub,Non-broker,0.2806324110671936,0.000225998026205,2,0,BoycottIsrael,#0000FF
Colei_the_weird,○ Colei_the_weird,Regular,Non-hub,Non-broker,0.4308300395256916,5.2257423759762985e-06,1,2,BoycottIsrael,#CCCCCC
isaboobers,○ isaboobers,Regular,Non-hub,Non-broker,0.4308300395256916,5.2257423759762985e-06,1,2,BoycottIsrael,#CCCCCC
weirdgurl24,○ weirdgurl24,Regular,Non-hub,Non-broker,0.0790513833992094,8.083864844668388e-05,1,6,BoycottIsrael,#CCCCCC
-SimpleRicks-,○ -SimpleRicks-,Regular,Non-hub,Non-broker,0.0790513833992094,7.495970228889483e-06,1,5,BoycottIsrael,#CCCCCC
shladvic,○ shladvic,Regular,Non-hub,Non-broker,0.1106719367588932,6.363827699912904e-07,1,3,BoycottIsrael,#CCCCCC
Ok-Divide4719,⬢ Ok-Divide4719,Specialist,Non-hub,Non-broker,0.4782608695652173,1.950545428806298e-05,2,2,BoycottIsrael,#0000FF
LofiOcean131,○ LofiOcean131,Regular,Non-hub,Non-broker,0.4308300395256916,5.2257423759762985e-06,2,2,BoycottIsrael,#CCCCCC
Ok_Consequence_5756,○ Ok_Consequence_5756,Regular,Non-hub,Non-broker,0.0592885375494071,5.39526231225836e-06,1,6,BoycottIsrael,#CCCCCC
Apprehensive-Cut9959,○ Apprehensive-Cut9959,Regular,Non-hub,Non-broker,0.4308300395256916,5.2257423759762985e-06,1,2,BoycottIsrael,#CCCCCC
Pinkblushdiva,⬢ Pinkblushdiva,Specialist,Hub,Non-broker,0.6521739130434783,4.527057672786167e-05,2,0,BoycottIsrael,#0000FF
johnsmithoncemore,⬢ johnsmithoncemore,Specialist,Non-hub,Non-broker,0.1343873517786561,1.6454106672424625e-05,2,6,BoycottIsrael,#0000FF
Dangermouse0214,○ Dangermouse0214,Regular,Non-hub,Non-broker,0.0790513833992094,8.083864844668388e-05,1,6,BoycottIsrael,#CCCCCC
Novel_Bass6032,○ Novel_Bass6032,Regular,Non-hub,Non-broker,0.0711462450592885,3.0367550258508547e-05,1,5,BoycottIsrael,#CCCCCC
Ridussey,○ Ridussey,Regular,Non-hub,Non-broker,0.4308300395256916,5.2257423759762985e-06,1,2,BoycottIsrael,#CCCCCC
Away-Lavishness-3805,○ Away-Lavishness-3805,Regular,Non-hub,Non-broker,0.4308300395256916,5.2257423759762985e-06,1,2,BoycottIsrael,#CCCCCC
winter_in_eden,○ winter_in_eden,Regular,Non-hub,Non-broker,0.4308300395256916,5.2257423759762985e-06,1,2,BoycottIsrael,#CCCCCC
Asinead666,○ Asinead666,Regular,Non-hub,Non-broker,0.4308300395256916,5.2257423759762985e-06,1,2,BoycottIsrael,#CCCCCC
calombia,○ calombia,Regular,Non-hub,Non-broker,0.0790513833992094,7.495970228889483e-06,1,5,BoycottIsrael,#CCCCCC
SnooOwls4954,○ SnooOwls4954,Regular,Non-hub,Non-broker,0.4308300395256916,5.2257423759762985e-06,1,2,BoycottIsrael,#CCCCCC
Margiethecat,○ Margiethecat,Regular,Non-hub,Non-broker,0.4308300395256916,5.2257423759762985e-06,1,2,BoycottIsrael,#CCCCCC
BlackberryIcy2214,○ BlackberryIcy2214,Regular,Non-hub,Non-broker,0.0592885375494071,5.39526231225836e-06,1,6,BoycottIsrael,#CCCCCC
Able_Compote6571,⬤ Able_Compote6571,Hub-Broker,Super-hub,Super-broker,0.7114624505928854,0.1125007095503989,12,0,BoycottIsrael,#FF0000
pickl3dguava,○ pickl3dguava,Regular,Non-hub,Non-broker,0.4308300395256916,5.2257423759762985e-06,1,2,BoycottIsrael,#CCCCCC
CopiousCool,⬢ CopiousCool,Specialist,Hub,Petit-broker,0.6996047430830039,0.0218619946880816,5,0,BoycottIsrael,#0000FF
butterflyfrenchfry,○ butterflyfrenchfry,Regular,Non-hub,Non-broker,0.4308300395256916,5.2257423759762985e-06,1,2,BoycottIsrael,#CCCCCC
Psychological-Gear78,○ Psychological-Gear78,Regular,Non-hub,Non-broker,0.0790513833992094,7.495970228889483e-06,1,5,BoycottIsrael,#CCCCCC
littleeeloveee,○ littleeeloveee,Regular,Non-hub,Non-broker,0.1106719367588932,6.363827699912904e-07,1,3,BoycottIsrael,#CCCCCC
Effective_Nothing519,○ Effective_Nothing519,Regular,Non-hub,Non-broker,0.4308300395256916,5.2257423759762985e-06,1,2,BoycottIsrael,#CCCCCC
CryingInTheGrass,○ CryingInTheGrass,Regular,Non-hub,Non-broker,0.1106719367588932,6.363827699912904e-07,1,3,BoycottIsrael,#CCCCCC
Kekeegan,○ Kekeegan,Regular,Non-hub,Non-broker,0.4308300395256916,5.2257423759762985e-06,1,2,BoycottIsrael,#CCCCCC
Rich_Ask3503,○ Rich_Ask3503,Regular,Non-hub,Non-broker,0.0355731225296442,0.0,1,4,BoycottIsrael,#CCCCCC
aym0_0n,○ aym0_0n,Regular,Non-hub,Non-broker,0.4308300395256916,5.2257423759762985e-06,1,2,BoycottIsrael,#CCCCCC
Beneficial-Network91,⬢ Beneficial-Network91,Specialist,Non-hub,Non-broker,0.450592885375494,1.7149917746162612e-05,2,2,BoycottIsrael,#0000FF
Squidieyy,○ Squidieyy,Regular,Non-hub,Non-broker,0.2687747035573122,3.233939231930051e-05,1,0,BoycottIsrael,#CCCCCC
tyuptyupolpolp,⬢ tyuptyupolpolp,Specialist,Semi-hub,Non-broker,0.525691699604743,0.0002748182700436,2,3,BoycottIsrael,#0000FF
Hopeful_Worth315,○ Hopeful_Worth315,Regular,Non-hub,Non-broker,0.4308300395256916,5.2257423759762985e-06,1,2,BoycottIsrael,#CCCCCC
palilibre,⬢ palilibre,Specialist,Hub,Non-broker,0.6521739130434783,4.527057672786167e-05,2,0,BoycottIsrael,#0000FF
VISlONSOFALIFE,○ VISlONSOFALIFE,Regular,Non-hub,Non-broker,0.4308300395256916,5.2257423759762985e-06,1,2,BoycottIsrael,#CCCCCC
Wolf4612,⬢ Wolf4612,Specialist,Non-hub,Non-broker,0.1146245059288537,0.0002254324425536,2,6,BoycottIsrael,#0000FF
Sp1dderxyz,○ Sp1dderxyz,Regular,Non-hub,Non-broker,0.4308300395256916,5.2257423759762985e-06,1,2,BoycottIsrael,#CCCCCC
Responsible-Term4482,○ Responsible-Term4482,Regular,Non-hub,Non-broker,0.2687747035573122,3.233939231930051e-05,1,0,BoycottIsrael,#CCCCCC
SylviaPlathsDaughter,○ SylviaPlathsDaughter,Regular,Non-hub,Non-broker,0.0592885375494071,5.39526231225836e-06,1,6,BoycottIsrael,#CCCCCC
comrade-sunflower,○ comrade-sunflower,Regular,Non-hub,Non-broker,0.0711462450592885,3.0367550258508547e-05,1,5,BoycottIsrael,#CCCCCC
cats_and_coffee15,○ cats_and_coffee15,Regular,Non-hub,Non-broker,0.4308300395256916,5.2257423759762985e-06,1,2,BoycottIsrael,#CCCCCC
walkyslaysh,○ walkyslaysh,Regular,Non-hub,Non-broker,0.1106719367588932,6.363827699912904e-07,1,3,BoycottIsrael,#CCCCCC
hanandmeow,○ hanandmeow,Regular,Non-hub,Non-broker,0.1106719367588932,6.363827699912904e-07,1,3,BoycottIsrael,#CCCCCC
Amoonthedollygirl,○ Amoonthedollygirl,Regular,Non-hub,Non-broker,0.0790513833992094,7.495970228889483e-06,1,5,BoycottIsrael,#CCCCCC
Ambitious-Narwhal158,⬢ Ambitious-Narwhal158,Specialist,Non-hub,Non-broker,0.4782608695652173,3.587017456165752e-05,2,2,BoycottIsrael,#0000FF
SamZ025,○ SamZ025,Regular,Non-hub,Non-broker,0.0790513833992094,7.495970228889483e-06,1,5,BoycottIsrael,#CCCCCC
Unfair_Enthusiasm696,○ Unfair_Enthusiasm696,Regular,Non-hub,Non-broker,0.2687747035573122,3.233939231930051e-05,1,0,BoycottIsrael,#CCCCCC
peachemistry,○ peachemistry,Regular,Non-hub,Non-broker,0.4308300395256916,5.2257423759762985e-06,1,2,BoycottIsrael,#CCCCCC
Ok-Bicycle-12345,○ Ok-Bicycle-12345,Regular,Non-hub,Non-broker,0.2687747035573122,3.233939231930051e-05,1,0,BoycottIsrael,#CCCCCC
ComfortableJello508,○ ComfortableJello508,Regular,Non-hub,Non-broker,0.2687747035573122,3.233939231930051e-05,1,0,BoycottIsrael,#CCCCCC
GermanLetsKotz,○ GermanLetsKotz,Regular,Non-hub,Non-broker,0.0711462450592885,3.0367550258508547e-05,1,5,BoycottIsrael,#CCCCCC
KrackalackinKraken,○ KrackalackinKraken,Regular,Non-hub,Non-broker,0.1106719367588932,6.363827699912904e-07,1,3,BoycottIsrael,#CCCCCC
SystemNo524,○ SystemNo524,Regular,Non-hub,Non-broker,0.1106719367588932,6.363827699912904e-07,1,3,BoycottIsrael,#CCCCCC
FlabbyShabby,○ FlabbyShabby,Regular,Non-hub,Non-broker,0.2687747035573122,3.233939231930051e-05,1,0,BoycottIsrael,#CCCCCC
Justarandomguy-fuck,○ Justarandomguy-fuck,Regular,Non-hub,Non-broker,0.2687747035573122,3.233939231930051e-05,1,0,BoycottIsrael,#CCCCCC
_maeverie,○ _maeverie,Regular,Non-hub,Non-broker,0.0592885375494071,5.39526231225836e-06,1,6,BoycottIsrael,#CCCCCC
thatsjustarandomname,○ thatsjustarandomname,Regular,Non-hub,Non-broker,0.4308300395256916,5.2257423759762985e-06,1,2,BoycottIsrael,#CCCCCC
Fit_Fisherman_3317,○ Fit_Fisherman_3317,Regular,Non-hub,Non-broker,0.0474308300395256,0.0,2,6,BoycottIsrael,#CCCCCC
ResearchWorking3402,○ ResearchWorking3402,Regular,Non-hub,Non-broker,0.0790513833992094,7.495970228889483e-06,2,5,BoycottIsrael,#CCCCCC
Late-Test2209,○ Late-Test2209,Regular,Non-hub,Non-broker,0.2687747035573122,3.233939231930051e-05,1,0,BoycottIsrael,#CCCCCC
ElectricalChance3664,⬢ ElectricalChance3664,Specialist,Non-hub,Non-broker,0.375494071146245,0.0134653993349645,3,0,BoycottIsrael,#0000FF
OkShelter6459,○ OkShelter6459,Regular,Non-hub,Non-broker,0.0474308300395256,0.0,1,6,BoycottIsrael,#CCCCCC
MrLabbrow,○ MrLabbrow,Regular,Non-hub,Non-broker,0.2687747035573122,3.233939231930051e-05,1,0,BoycottIsrael,#CCCCCC
Akram-Brahimi,⬢ Akram-Brahimi,Specialist,Non-hub,Non-broker,0.4387351778656126,3.0304993800689555e-05,4,2,BoycottIsrael,#0000FF
Sea_Banana882,⬢ Sea_Banana882,Specialist,Hub,Non-broker,0.6521739130434783,4.527057672786167e-05,3,0,BoycottIsrael,#0000FF
nesmacon,○ nesmacon,Regular,Non-hub,Non-broker,0.0592885375494071,5.39526231225836e-06,1,6,BoycottIsrael,#CCCCCC
CatacaX,○ CatacaX,Regular,Non-hub,Non-broker,0.2687747035573122,3.233939231930051e-05,1,0,BoycottIsrael,#CCCCCC
Altruistic-Look6136,○ Altruistic-Look6136,Regular,Non-hub,Non-broker,0.1106719367588932,6.363827699912904e-07,1,3,BoycottIsrael,#CCCCCC
TonkaMaze,○ TonkaMaze,Regular,Non-hub,Non-broker,0.2687747035573122,3.233939231930051e-05,1,0,BoycottIsrael,#CCCCCC
m7mdhassballa,○ m7mdhassballa,Regular,Non-hub,Non-broker,0.4308300395256916,5.2257423759762985e-06,1,2,BoycottIsrael,#CCCCCC
J3ssM,○ J3ssM,Regular,Non-hub,Non-broker,0.2687747035573122,3.233939231930051e-05,1,0,BoycottIsrael,#CCCCCC
Early_Bad_,○ Early_Bad_,Regular,Non-hub,Non-broker,0.2687747035573122,3.233939231930051e-05,1,0,BoycottIsrael,#CCCCCC
Accomplished-Low9635,○ Accomplished-Low9635,Regular,Non-hub,Non-broker,0.1106719367588932,6.363827699912904e-07,1,3,BoycottIsrael,#CCCCCC
Fantastic_Bag1560,○ Fantastic_Bag1560,Regular,Non-hub,Non-broker,0.4308300395256916,5.2257423759762985e-06,1,2,BoycottIsrael,#CCCCCC
Forward-Molasses4404,○ Forward-Molasses4404,Regular,Non-hub,Non-broker,0.1106719367588932,6.363827699912904e-07,1,3,BoycottIsrael,#CCCCCC
abenites99,○ abenites99,Regular,Non-hub,Non-broker,0.2687747035573122,3.233939231930051e-05,1,0,BoycottIsrael,#CCCCCC
Zealousideal-Item607,⬢ Zealousideal-Item607,Specialist,Non-hub,Non-broker,0.3122529644268774,3.385733199397796e-05,2,0,BoycottIsrael,#0000FF
NewPatron-St,○ NewPatron-St,Regular,Non-hub,Non-broker,0.2687747035573122,3.233939231930051e-05,1,0,BoycottIsrael,#CCCCCC
ChangePrestigious702,○ ChangePrestigious702,Regular,Non-hub,Non-broker,0.2687747035573122,3.233939231930051e-05,1,0,BoycottIsrael,#CCCCCC
Moth_Man_68,○ Moth_Man_68,Regular,Non-hub,Non-broker,0.2687747035573122,3.233939231930051e-05,1,0,BoycottIsrael,#CCCCCC
guibidesc,○ guibidesc,Regular,Non-hub,Non-broker,0.0790513833992094,7.495970228889483e-06,1,5,BoycottIsrael,#CCCCCC
No_Snow2245,○ No_Snow2245,Regular,Non-hub,Non-broker,0.2687747035573122,3.233939231930051e-05,1,0,BoycottIsrael,#CCCCCC
Perfect-Parking1536,○ Perfect-Parking1536,Regular,Non-hub,Non-broker,0.2687747035573122,3.233939231930051e-05,1,0,BoycottIsrael,#CCCCCC
Farley_B,○ Farley_B,Regular,Non-hub,Non-broker,0.0592885375494071,5.39526231225836e-06,1,6,BoycottIsrael,#CCCCCC
HuckleberryFuzzy918,○ HuckleberryFuzzy918,Regular,Non-hub,Non-broker,0.4308300395256916,5.2257423759762985e-06,1,2,BoycottIsrael,#CCCCCC
ResolutionDull5054,○ ResolutionDull5054,Regular,Non-hub,Non-broker,0.4308300395256916,5.2257423759762985e-06,1,2,BoycottIsrael,#CCCCCC
Ok_Strawberry_2143,⬢ Ok_Strawberry_2143,Specialist,Non-hub,Non-broker,0.1936758893280632,0.0012648271200557,2,3,BoycottIsrael,#0000FF
DragonflyNo19,○ DragonflyNo19,Regular,Non-hub,Non-broker,0.0592885375494071,5.39526231225836e-06,1,6,BoycottIsrael,#CCCCCC
secret-agent-zero,○ secret-agent-zero,Regular,Non-hub,Non-broker,0.0355731225296442,0.0,1,4,BoycottIsrael,#CCCCCC
Ok_Somewhere9687,○ Ok_Somewhere9687,Regular,Non-hub,Non-broker,0.2687747035573122,3.233939231930051e-05,1,0,BoycottIsrael,#CCCCCC
Ur_Shado,○ Ur_Shado,Regular,Non-hub,Non-broker,0.1106719367588932,6.363827699912904e-07,1,3,BoycottIsrael,#CCCCCC
VanillaAdventurous74,○ VanillaAdventurous74,Regular,Non-hub,Non-broker,0.4308300395256916,5.2257423759762985e-06,1,2,BoycottIsrael,#CCCCCC
TheAlphaKiller17,○ TheAlphaKiller17,Regular,Non-hub,Non-broker,0.4308300395256916,5.2257423759762985e-06,1,2,BoycottIsrael,#CCCCCC
CrossingVoid,○ CrossingVoid,Regular,Non-hub,Non-broker,0.2687747035573122,3.233939231930051e-05,1,0,BoycottIsrael,#CCCCCC
venrir,○ venrir,Regular,Non-hub,Non-broker,0.0790513833992094,8.083864844668388e-05,1,6,BoycottIsrael,#CCCCCC
Icy_Giraffe3903,○ Icy_Giraffe3903,Regular,Non-hub,Non-broker,0.2687747035573122,3.233939231930051e-05,1,0,BoycottIsrael,#CCCCCC
tallbigbear,○ tallbigbear,Regular,Non-hub,Non-broker,0.0711462450592885,3.0367550258508547e-05,1,5,BoycottIsrael,#CCCCCC
doctormelody18,○ doctormelody18,Regular,Non-hub,Non-broker,0.4308300395256916,5.2257423759762985e-06,1,2,BoycottIsrael,#CCCCCC
No_Degree3814,○ No_Degree3814,Regular,Non-hub,Non-broker,0.2687747035573122,3.233939231930051e-05,1,0,BoycottIsrael,#CCCCCC
