Id,Label,Type,Community,Degree,Betweenness,Closeness,Eigenvector,PageRank,NumTopics,NumPosts,BDS_Posts,BoycottIsrael_Posts,PrimarySubreddit,Topics
richards1052,richards1052,Auteur,0,14.750000000000005,0.0012329615354190022,0.5394456289978679,0.005354483985770108,0.0018171207113999066,6,13,13,0,BDS,Thème_8;Thème_5;Thème_6;Thème_3;Thème_10;Thème_1
wild_orca,wild_orca,Auteur,6,8.25,0.0,0.4633699633699634,0.0009194872269079693,0.0021050530548811747,1,1,1,0,BDS,Thème_7
Level-Kiwi-3836,Level-Kiwi-3836,Auteur,2,91.74999999999999,5.2257423759762985e-06,0.6372795969773299,0.1070226444620544,0.005106458178527052,1,3,3,0,BDS,Thème_5
90stvkid,90stvkid,Auteur,0,62.13095238095249,0.019200807244285505,0.7689969604863222,0.042638650498612526,0.00468270269211834,3,3,2,1,BDS,Thème_6;Thème_5;Thème_4
Tr0jan___,Tr0jan___,Auteur,0,14.27777777777777,0.011669489930359496,0.5488069414316703,0.00454697533696104,0.0018743108472692497,9,41,40,1,BDS,Thème_3;Thème_1;Thème_6;Thème_2;Thème_9;Thème_7;Thème_5;Thème_10;Thème_8
manofwater3615,manofwater3615,Auteur,3,19.174603174603174,0.0002933999018255027,0.5184426229508197,0.0010717545415866625,0.003100313255725049,2,3,3,0,BDS,Thème_10;Thème_8
blue_dottt,blue_dottt,Auteur,6,12.916666666666668,8.083864844668388e-05,0.5111111111111111,0.0019244382826440146,0.0022769104262537468,1,1,1,0,BDS,Thème_1
TendieRetard,TendieRetard,Auteur,2,57.66269841269843,0.0001198997662638835,0.6537467700258398,0.056999110100829614,0.004129353667452628,2,2,2,0,BDS,Thème_5;Thème_1
ContentChecker,ContentChecker,Auteur,0,13.513888888888893,0.0005041542308623053,0.5394456289978679,0.004888000184913701,0.0017410540708439272,7,11,11,0,BDS,Thème_6;Thème_8;Thème_5;Thème_1;Thème_9;Thème_2;Thème_3
Reasonable-Image-938,Reasonable-Image-938,Auteur,0,53.166666666666664,3.233939231930051e-05,0.5776255707762558,0.007958914132006906,0.004172964039513915,1,1,1,0,BDS,Thème_6
Firm_Paint8474,Firm_Paint8474,Auteur,2,52.00793650793652,3.0304993800689555e-05,0.6185819070904646,0.056007078413201176,0.0035543320150575918,2,3,2,1,BDS,Thème_9;Thème_5
Ilovedia,Ilovedia,Auteur,0,53.881349206349206,0.12388295543544282,0.7881619937694704,0.03263822782155009,0.004418234901156416,4,7,3,4,BoycottIsrael,Thème_6;Thème_1;Thème_5;Thème_10
newsspotter,newsspotter,Auteur,0,44.840873015873015,0.10271563454793282,0.7354651162790697,0.030284766026530015,0.0040571266257921,4,6,6,0,BDS,Thème_6;Thème_5;Thème_3;Thème_2
Amr_Abu_Ouda,Amr_Abu_Ouda,Auteur,2,91.74999999999999,5.2257423759762985e-06,0.6372795969773299,0.1070226444620544,0.005106458178527052,1,2,1,1,BoycottIsrael,Thème_5
WhichSideOfNoWhere,WhichSideOfNoWhere,Auteur,2,91.74999999999999,5.2257423759762985e-06,0.6372795969773299,0.1070226444620544,0.005106458178527052,1,1,1,0,BDS,Thème_5
GRS_89,GRS_89,Auteur,2,91.74999999999999,5.2257423759762985e-06,0.6372795969773299,0.1070226444620544,0.005106458178527052,1,1,1,0,BDS,Thème_5
Due_Sun9,Due_Sun9,Auteur,2,91.74999999999999,5.2257423759762985e-06,0.6372795969773299,0.1070226444620544,0.005106458178527052,1,1,1,0,BDS,Thème_5
CharlieSmith_27,CharlieSmith_27,Auteur,2,91.74999999999999,5.2257423759762985e-06,0.6372795969773299,0.1070226444620544,0.005106458178527052,1,1,1,0,BDS,Thème_5
redSpider2077,redSpider2077,Auteur,0,53.166666666666664,3.233939231930051e-05,0.5776255707762558,0.007958914132006906,0.004172964039513915,1,1,1,0,BDS,Thème_6
BuyingDragonScimitar,BuyingDragonScimitar,Auteur,5,12.833333333333332,3.0367550258508547e-05,0.5173824130879345,0.0009839881217552843,0.002560184758613661,1,1,1,0,BDS,Thème_8
FireProStan,FireProStan,Auteur,0,53.166666666666664,3.233939231930051e-05,0.5776255707762558,0.007958914132006906,0.004172964039513915,1,1,1,0,BDS,Thème_6
K9Imperium,K9Imperium,Auteur,0,81.57936507936508,4.527057672786167e-05,0.7419354838709677,0.061952455029969905,0.005273011785477766,2,2,1,1,BoycottIsrael,Thème_6;Thème_5
YamFrosty6169,YamFrosty6169,Auteur,0,81.57936507936508,4.527057672786167e-05,0.7419354838709677,0.061952455029969905,0.005273011785477766,2,4,3,1,BDS,Thème_6;Thème_5
reparationsNowToday,reparationsNowToday,Auteur,2,91.74999999999999,5.2257423759762985e-06,0.6372795969773299,0.1070226444620544,0.005106458178527052,1,1,1,0,BDS,Thème_5
Glad_Opinion_6339,Glad_Opinion_6339,Auteur,0,28.16428571428569,0.011141435054478533,0.575,0.004176751436518355,0.0031966135102741737,3,5,5,0,BDS,Thème_6;Thème_8;Thème_9
angels-cry,angels-cry,Auteur,2,91.74999999999999,5.2257423759762985e-06,0.6372795969773299,0.1070226444620544,0.005106458178527052,1,1,1,0,BDS,Thème_5
iLikeDucks72,iLikeDucks72,Auteur,2,91.74999999999999,5.2257423759762985e-06,0.6372795969773299,0.1070226444620544,0.005106458178527052,1,1,1,0,BDS,Thème_5
Affectionate-Rent415,Affectionate-Rent415,Auteur,0,53.166666666666664,3.233939231930051e-05,0.5776255707762558,0.007958914132006905,0.004172964039513915,1,1,1,0,BDS,Thème_6
CelestialCometDoll,CelestialCometDoll,Auteur,2,91.74999999999999,5.2257423759762985e-06,0.6372795969773299,0.1070226444620544,0.005106458178527052,1,1,1,0,BDS,Thème_5
ChargeResponsible112,ChargeResponsible112,Auteur,0,53.166666666666664,3.233939231930051e-05,0.5776255707762558,0.007958914132006905,0.004172964039513915,1,1,1,0,BDS,Thème_6
SnooTomatoes1513,SnooTomatoes1513,Auteur,5,16.083333333333332,7.495970228889483e-06,0.4856046065259117,0.0008446485247361378,0.0029506820377605833,1,1,1,0,BDS,Thème_4
tortilla_avalanche,tortilla_avalanche,Auteur,2,52.00793650793652,3.0304993800689555e-05,0.6185819070904646,0.056007078413201176,0.0035543320150575918,2,2,2,0,BDS,Thème_9;Thème_5
Kernowite,Kernowite,Auteur,3,22.833333333333332,6.363827699912904e-07,0.49705304518664045,0.00098852434822287,0.003315336035718598,1,2,2,0,BDS,Thème_10
Relative-Narwhal-504,Relative-Narwhal-504,Auteur,2,91.74999999999999,5.2257423759762985e-06,0.6372795969773299,0.1070226444620544,0.005106458178527052,1,1,1,0,BDS,Thème_5
Brutally_Honest_Swan,Brutally_Honest_Swan,Auteur,2,91.74999999999999,5.2257423759762985e-06,0.6372795969773299,0.1070226444620544,0.005106458178527052,1,1,1,0,BDS,Thème_5
melow_shri,melow_shri,Auteur,6,8.25,0.0,0.4633699633699634,0.0009194872269079693,0.0021050530548811747,1,2,2,0,BDS,Thème_7
Just_Treacle_611,Just_Treacle_611,Auteur,6,11.833333333333334,5.39526231225836e-06,0.49510763209393344,0.0001328982859187604,0.003015956896481139,1,1,1,0,BDS,Thème_2
[deleted],[deleted],Auteur,0,15.18253968253969,0.004301555931990715,0.5452586206896551,0.00509896062345979,0.0019457044274454587,7,14,6,8,BoycottIsrael,Thème_6;Thème_5;Thème_1;Thème_10;Thème_8;Thème_7;Thème_2
OmegaDGalaxyGoji777,OmegaDGalaxyGoji777,Auteur,2,91.74999999999999,5.2257423759762985e-06,0.6372795969773299,0.1070226444620544,0.005106458178527052,1,1,1,0,BDS,Thème_5
Life-Focus-3105,Life-Focus-3105,Auteur,2,91.74999999999999,5.2257423759762985e-06,0.6372795969773299,0.1070226444620544,0.005106458178527052,1,1,1,0,BDS,Thème_5
Dingus-the-Mingus,Dingus-the-Mingus,Auteur,0,81.57936507936508,4.527057672786167e-05,0.7419354838709677,0.061952455029969905,0.005273011785477766,2,3,3,0,BDS,Thème_5;Thème_6
Fledgling_112896,Fledgling_112896,Auteur,0,53.166666666666664,3.233939231930051e-05,0.5776255707762558,0.007958914132006905,0.004172964039513915,1,1,1,0,BDS,Thème_6
Die_Hard_new3492,Die_Hard_new3492,Auteur,3,18.793650793650794,0.00032710025065190194,0.513184584178499,0.0005827138413136149,0.0033675916849839165,2,4,4,0,BDS,Thème_10;Thème_2
Virtual_Ad_4734,Virtual_Ad_4734,Auteur,2,91.74999999999999,5.2257423759762985e-06,0.6372795969773299,0.1070226444620544,0.005106458178527052,1,1,1,0,BDS,Thème_5
barccy,barccy,Auteur,5,16.083333333333332,7.495970228889483e-06,0.4856046065259117,0.0008446485247361378,0.0029506820377605833,1,1,1,0,BDS,Thème_4
SuccessfulOwl9919,SuccessfulOwl9919,Auteur,2,91.74999999999999,5.2257423759762985e-06,0.6372795969773299,0.1070226444620544,0.005106458178527052,1,1,1,0,BDS,Thème_5
mornunglake,mornunglake,Auteur,2,91.74999999999999,5.2257423759762985e-06,0.6372795969773299,0.1070226444620544,0.005106458178527052,1,1,1,0,BDS,Thème_5
pixelatedprophecies,pixelatedprophecies,Auteur,6,11.833333333333334,5.39526231225836e-06,0.49510763209393344,0.0001328982859187604,0.003015956896481139,1,1,1,0,BDS,Thème_2
Unlikely-Sky6932,Unlikely-Sky6932,Auteur,5,16.083333333333332,7.495970228889483e-06,0.4856046065259117,0.0008446485247361378,0.0029506820377605833,1,1,1,0,BDS,Thème_4
veinsouls,veinsouls,Auteur,2,91.74999999999999,5.2257423759762985e-06,0.6372795969773299,0.1070226444620544,0.005106458178527052,1,1,1,0,BDS,Thème_5
pimpin_n_stuff,pimpin_n_stuff,Auteur,3,22.833333333333332,6.363827699912904e-07,0.49705304518664045,0.00098852434822287,0.003315336035718598,1,2,1,1,BoycottIsrael,Thème_10
No-Trick-7397,No-Trick-7397,Auteur,2,91.74999999999999,5.2257423759762985e-06,0.6372795969773299,0.1070226444620544,0.005106458178527052,1,1,1,0,BDS,Thème_5
dark00H,dark00H,Auteur,2,91.74999999999999,5.2257423759762985e-06,0.6372795969773299,0.1070226444620544,0.005106458178527052,1,2,2,0,BDS,Thème_5
Altruistic_You9489,Altruistic_You9489,Auteur,3,22.833333333333332,6.363827699912904e-07,0.49705304518664045,0.00098852434822287,0.003315336035718598,1,1,1,0,BDS,Thème_10
Nervous-Savings2251,Nervous-Savings2251,Auteur,3,22.833333333333332,6.363827699912904e-07,0.49705304518664045,0.00098852434822287,0.003315336035718598,1,1,1,0,BDS,Thème_10
DesignerSkyline01,DesignerSkyline01,Auteur,2,91.74999999999999,5.2257423759762985e-06,0.6372795969773299,0.1070226444620544,0.005106458178527052,1,2,2,0,BDS,Thème_5
Accomplished_Cry6108,Accomplished_Cry6108,Auteur,2,91.74999999999999,5.2257423759762985e-06,0.6372795969773299,0.1070226444620544,0.005106458178527052,1,1,1,0,BDS,Thème_5
SchemeBoth2169,SchemeBoth2169,Auteur,2,91.74999999999999,5.2257423759762985e-06,0.6372795969773299,0.1070226444620544,0.005106458178527052,1,1,1,0,BDS,Thème_5
CraftyOpportunity646,CraftyOpportunity646,Auteur,2,91.74999999999999,5.2257423759762985e-06,0.6372795969773299,0.1070226444620544,0.005106458178527052,1,1,1,0,BDS,Thème_5
VolkswagenPanda,VolkswagenPanda,Auteur,2,91.74999999999999,5.2257423759762985e-06,0.6372795969773299,0.1070226444620544,0.005106458178527052,1,1,1,0,BDS,Thème_5
Imaginary-Hold5898,Imaginary-Hold5898,Auteur,0,53.166666666666664,3.233939231930051e-05,0.5776255707762558,0.007958914132006905,0.004172964039513915,1,1,1,0,BDS,Thème_6
Relative-Chain73,Relative-Chain73,Auteur,5,12.833333333333332,3.0367550258508547e-05,0.5173824130879345,0.0009839881217552843,0.002560184758613661,1,1,1,0,BDS,Thème_8
Practical_Chef_7897,Practical_Chef_7897,Auteur,0,6.640079365079365,0.0,0.5163265306122449,0.0010698942189284577,0.0012564493104576851,5,10,5,5,BoycottIsrael,Thème_9;Thème_8;Thème_7;Thème_6;Thème_1
amotivatedgal,amotivatedgal,Auteur,2,91.74999999999999,5.2257423759762985e-06,0.6372795969773299,0.1070226444620544,0.005106458178527052,1,1,1,0,BDS,Thème_5
Pack_Em_Up,Pack_Em_Up,Auteur,2,91.74999999999999,5.2257423759762985e-06,0.6372795969773299,0.1070226444620544,0.005106458178527052,1,1,1,0,BDS,Thème_5
Burning-Bush-613,Burning-Bush-613,Auteur,2,57.66269841269843,0.0001198997662638835,0.6537467700258398,0.05699911010082963,0.004129353667452629,2,2,2,0,BDS,Thème_1;Thème_5
SnooOnions4663,SnooOnions4663,Auteur,2,91.74999999999999,5.2257423759762985e-06,0.6372795969773299,0.1070226444620544,0.005106458178527052,1,1,1,0,BDS,Thème_5
mar_de_mariposas,mar_de_mariposas,Auteur,2,91.74999999999999,5.2257423759762985e-06,0.6372795969773299,0.1070226444620544,0.005106458178527052,1,1,1,0,BDS,Thème_5
endingcolonialism,endingcolonialism,Auteur,0,81.57936507936508,4.527057672786167e-05,0.7419354838709677,0.061952455029969905,0.005273011785477766,2,3,3,0,BDS,Thème_5;Thème_6
KnowTheTruthMatters,KnowTheTruthMatters,Auteur,0,53.881349206349206,0.12388295543544282,0.7881619937694704,0.03263822782155009,0.004418234901156416,4,5,5,0,BDS,Thème_5;Thème_10;Thème_6;Thème_1
MagnusRottcodd,MagnusRottcodd,Auteur,5,12.833333333333332,3.0367550258508547e-05,0.5173824130879345,0.0009839881217552843,0.002560184758613661,1,1,1,0,BDS,Thème_8
Conscious-Rich3823,Conscious-Rich3823,Auteur,6,11.833333333333334,5.39526231225836e-06,0.49510763209393344,0.0001328982859187604,0.003015956896481139,1,1,1,0,BDS,Thème_2
Puripuri_Purizona,Puripuri_Purizona,Auteur,1,2.75,2.6581208646426052e-06,0.45585585585585586,0.00018931970039805837,0.0017260632011339345,1,2,1,1,BoycottIsrael,Thème_3
hmountain,hmountain,Auteur,5,16.083333333333332,7.495970228889483e-06,0.4856046065259117,0.0008446485247361378,0.0029506820377605833,1,1,1,0,BDS,Thème_4
Pepperina_G,Pepperina_G,Auteur,0,53.166666666666664,3.233939231930051e-05,0.5776255707762558,0.007958914132006905,0.004172964039513915,1,1,1,0,BDS,Thème_6
barb_20,barb_20,Auteur,2,91.74999999999999,5.2257423759762985e-06,0.6372795969773299,0.1070226444620544,0.005106458178527052,1,1,1,0,BDS,Thème_5
Fhlurrhy108,Fhlurrhy108,Auteur,2,91.74999999999999,5.2257423759762985e-06,0.6372795969773299,0.1070226444620544,0.005106458178527052,1,1,1,0,BDS,Thème_5
Nomogg,Nomogg,Auteur,5,14.69404761904762,0.036236088969623194,0.5216494845360825,0.0003741180109228769,0.002954654875886196,4,4,4,0,BDS,Thème_4;Thème_8;Thème_1;Thème_2
antifamarketer,antifamarketer,Auteur,2,91.74999999999999,5.2257423759762985e-06,0.6372795969773299,0.1070226444620544,0.005106458178527052,1,1,1,0,BDS,Thème_5
cindyloowhovian,cindyloowhovian,Auteur,6,11.833333333333334,5.39526231225836e-06,0.49510763209393344,0.0001328982859187604,0.003015956896481139,1,1,1,0,BDS,Thème_2
roxi3smiles,roxi3smiles,Auteur,3,22.833333333333332,6.363827699912904e-07,0.49705304518664045,0.00098852434822287,0.003315336035718598,1,1,1,0,BDS,Thème_10
Virtual-Tale7778,Virtual-Tale7778,Auteur,5,16.083333333333332,7.495970228889483e-06,0.4856046065259117,0.0008446485247361378,0.0029506820377605833,1,2,1,1,BoycottIsrael,Thème_4
MoonGlissades,MoonGlissades,Auteur,2,91.74999999999999,5.2257423759762985e-06,0.6372795969773299,0.1070226444620544,0.005106458178527052,1,1,1,0,BDS,Thème_5
Dear-Boot4077,Dear-Boot4077,Auteur,0,53.166666666666664,3.233939231930051e-05,0.5776255707762558,0.007958914132006905,0.004172964039513915,1,1,1,0,BDS,Thème_6
elifshafakenthusiast,elifshafakenthusiast,Auteur,5,12.833333333333332,3.0367550258508547e-05,0.5173824130879345,0.0009839881217552843,0.002560184758613661,1,1,1,0,BDS,Thème_8
MrJasonMason,MrJasonMason,Auteur,2,57.66269841269843,0.0001198997662638835,0.6537467700258398,0.056999110100829614,0.004129353667452629,2,2,2,0,BDS,Thème_5;Thème_1
shane_4_us,shane_4_us,Auteur,2,91.74999999999999,5.2257423759762985e-06,0.6372795969773299,0.1070226444620544,0.005106458178527052,1,1,1,0,BDS,Thème_5
Comfortable_Spend436,Comfortable_Spend436,Auteur,2,91.74999999999999,5.2257423759762985e-06,0.6372795969773299,0.1070226444620544,0.005106458178527052,1,2,2,0,BDS,Thème_5
yanonce,yanonce,Auteur,5,12.833333333333332,3.0367550258508547e-05,0.5173824130879345,0.0009839881217552843,0.002560184758613661,1,1,1,0,BDS,Thème_8
KingofTrilobites123,KingofTrilobites123,Auteur,0,65.69047619047629,0.02977236129410035,0.790625,0.04275734197359633,0.004939252801953768,3,3,2,1,BDS,Thème_6;Thème_5;Thème_10
ABCecy,ABCecy,Auteur,2,91.74999999999999,5.2257423759762985e-06,0.6372795969773299,0.1070226444620544,0.005106458178527052,1,1,1,0,BDS,Thème_5
ThrovvQuestionsAway,ThrovvQuestionsAway,Auteur,3,22.833333333333332,6.363827699912904e-07,0.49705304518664045,0.00098852434822287,0.003315336035718598,1,1,1,0,BDS,Thème_10
pinklewickers,pinklewickers,Auteur,5,16.083333333333332,7.495970228889483e-06,0.4856046065259117,0.0008446485247361378,0.0029506820377605833,1,1,1,0,BDS,Thème_4
Chobikil,Chobikil,Auteur,5,16.083333333333332,7.495970228889483e-06,0.4856046065259117,0.0008446485247361378,0.0029506820377605833,1,1,1,0,BDS,Thème_4
kamotos,kamotos,Auteur,5,12.833333333333332,3.0367550258508547e-05,0.5173824130879345,0.0009839881217552843,0.002560184758613661,1,1,1,0,BDS,Thème_8
Apollo_Delphi,Apollo_Delphi,Auteur,2,55.960317460317476,3.587017456165752e-05,0.6340852130325815,0.05581076915700481,0.004141666132982485,2,2,1,1,BoycottIsrael,Thème_8;Thème_5
Alternative-Dare-601,Alternative-Dare-601,Auteur,2,91.74999999999999,5.2257423759762985e-06,0.6372795969773299,0.1070226444620544,0.005106458178527052,1,1,1,0,BDS,Thème_5
Dazzling_Pirate1411,Dazzling_Pirate1411,Auteur,1,2.75,2.6581208646426052e-06,0.45585585585585586,0.00018931970039805837,0.0017260632011339345,1,1,1,0,BDS,Thème_3
ReachZestyclose,ReachZestyclose,Auteur,0,53.166666666666664,3.233939231930051e-05,0.5776255707762558,0.007958914132006906,0.004172964039513915,1,2,1,1,BoycottIsrael,Thème_6
torbatosecco,torbatosecco,Auteur,6,12.916666666666668,8.083864844668388e-05,0.5111111111111111,0.0019244382826440146,0.0022769104262537468,1,1,1,0,BDS,Thème_1
Witty-Savings-2048,Witty-Savings-2048,Auteur,2,91.74999999999999,5.2257423759762985e-06,0.6372795969773299,0.1070226444620544,0.005106458178527052,1,2,1,1,BoycottIsrael,Thème_5
Ok-Following6886,Ok-Following6886,Auteur,0,53.166666666666664,3.233939231930051e-05,0.5776255707762558,0.007958914132006906,0.004172964039513915,1,4,4,0,BDS,Thème_6
SecretBiscotti8128,SecretBiscotti8128,Auteur,2,57.66269841269843,0.0001198997662638835,0.6537467700258398,0.056999110100829614,0.004129353667452629,2,7,7,0,BDS,Thème_5;Thème_1
adilbuilds,adilbuilds,Auteur,0,46.86666666666666,0.09073975678755558,0.7441176470588236,0.03193934013636452,0.003847523496522908,4,8,7,1,BDS,Thème_7;Thème_9;Thème_6;Thème_5
QuranTutor_Muhamad,QuranTutor_Muhamad,Auteur,6,12.916666666666668,8.083864844668388e-05,0.5111111111111111,0.0019244382826440146,0.0022769104262537468,1,1,1,0,BDS,Thème_1
UXUI75,UXUI75,Auteur,6,12.916666666666668,8.083864844668388e-05,0.5111111111111111,0.0019244382826440146,0.0022769104262537468,1,1,1,0,BDS,Thème_1
pumpkinzh,pumpkinzh,Auteur,0,21.17857142857143,0.02466663690671249,0.5536105032822757,0.0019439220863049088,0.0030485127394179736,4,5,4,1,BDS,Thème_6;Thème_8;Thème_3;Thème_7
Aqn95,Aqn95,Auteur,6,8.25,0.0,0.4633699633699634,0.0009194872269079693,0.0021050530548811747,1,1,1,0,BDS,Thème_7
whater39,whater39,Auteur,4,5.583333333333333,0.0,0.4517857142857143,0.0011653935201975214,0.0014142955354549494,1,1,1,0,BDS,Thème_9
damon121231,damon121231,Auteur,5,16.083333333333332,7.495970228889483e-06,0.4856046065259117,0.0008446485247361378,0.0029506820377605833,1,1,1,0,BDS,Thème_4
librephili,librephili,Auteur,0,13.18134920634921,0.008218834305790828,0.5382978723404256,0.0046161999259242146,0.0017024050585362697,7,28,2,26,BoycottIsrael,Thème_5;Thème_3;Thème_6;Thème_2;Thème_10;Thème_4;Thème_1
Songmorning,Songmorning,Auteur,0,53.166666666666664,3.233939231930051e-05,0.5776255707762558,0.007958914132006906,0.004172964039513915,1,1,1,0,BDS,Thème_6
Narrow_Guava_6239,Narrow_Guava_6239,Auteur,2,53.091269841269856,1.7149917746162612e-05,0.6231527093596059,0.05573953116640316,0.0038864859096475256,2,2,2,0,BDS,Thème_7;Thème_5
Plane-Imagination593,Plane-Imagination593,Auteur,0,53.166666666666664,3.233939231930051e-05,0.5776255707762558,0.007958914132006906,0.004172964039513915,1,1,1,0,BDS,Thème_6
safemath,safemath,Auteur,0,41.62698412698413,0.0004984006548715606,0.5938967136150235,0.005301586336090271,0.004069715025700535,2,2,2,0,BDS,Thème_6;Thème_10
Particular_Log_3594,Particular_Log_3594,Auteur,0,48.525,0.08453516882493362,0.755223880597015,0.031725900822536686,0.004124050426088569,4,4,4,0,BDS,Thème_7;Thème_6;Thème_5;Thème_8
mania_d,mania_d,Auteur,6,8.25,0.0,0.4633699633699634,0.0009194872269079693,0.0021050530548811747,1,1,1,0,BDS,Thème_7
chopstickemup,chopstickemup,Auteur,0,53.166666666666664,3.233939231930051e-05,0.5776255707762558,0.007958914132006906,0.004172964039513915,1,1,1,0,BDS,Thème_6
Able_Ad_4891,Able_Ad_4891,Auteur,2,91.74999999999999,5.2257423759762985e-06,0.6372795969773299,0.1070226444620544,0.005106458178527052,1,1,1,0,BDS,Thème_5
PerspectiveGrand716,PerspectiveGrand716,Auteur,6,12.916666666666668,8.083864844668388e-05,0.5111111111111111,0.0019244382826440146,0.0022769104262537468,1,1,1,0,BDS,Thème_1
CosmiicBrowni,CosmiicBrowni,Auteur,3,22.833333333333332,6.363827699912904e-07,0.49705304518664045,0.00098852434822287,0.003315336035718598,1,1,1,0,BDS,Thème_10
carTot254,carTot254,Auteur,0,53.166666666666664,3.233939231930051e-05,0.5776255707762558,0.007958914132006906,0.004172964039513915,1,1,1,0,BDS,Thème_6
ShedSoManyTears4Gaza,ShedSoManyTears4Gaza,Auteur,3,22.833333333333332,6.363827699912904e-07,0.49705304518664045,0.00098852434822287,0.003315336035718598,1,1,1,0,BDS,Thème_10
itsamefas,itsamefas,Auteur,2,91.74999999999999,5.2257423759762985e-06,0.6372795969773299,0.1070226444620544,0.005106458178527052,1,1,1,0,BDS,Thème_5
CosmeticChemistPro,CosmeticChemistPro,Auteur,2,91.74999999999999,5.2257423759762985e-06,0.6372795969773299,0.1070226444620544,0.005106458178527052,1,1,1,0,BDS,Thème_5
Hamdan-mohamed,Hamdan-mohamed,Auteur,2,91.74999999999999,5.2257423759762985e-06,0.6372795969773299,0.1070226444620544,0.005106458178527052,1,1,1,0,BDS,Thème_5
natural_piano1836,natural_piano1836,Auteur,0,53.166666666666664,3.233939231930051e-05,0.5776255707762558,0.007958914132006906,0.004172964039513915,1,1,1,0,BDS,Thème_6
Blood11Orange,Blood11Orange,Auteur,6,12.916666666666668,8.083864844668388e-05,0.5111111111111111,0.0019244382826440146,0.0022769104262537468,1,1,1,0,BDS,Thème_1
CNCMachina,CNCMachina,Auteur,4,5.583333333333333,0.0,0.4517857142857143,0.0011653935201975214,0.0014142955354549494,1,1,1,0,BDS,Thème_9
dramaqueen09,dramaqueen09,Auteur,5,12.833333333333332,3.0367550258508547e-05,0.5173824130879345,0.0009839881217552843,0.002560184758613661,1,1,1,0,BDS,Thème_8
SillyPassion7773,SillyPassion7773,Auteur,2,91.74999999999999,5.2257423759762985e-06,0.6372795969773299,0.1070226444620544,0.005106458178527052,1,1,1,0,BDS,Thème_5
librePali,librePali,Auteur,0,53.166666666666664,3.233939231930051e-05,0.5776255707762558,0.007958914132006906,0.004172964039513915,1,1,1,0,BDS,Thème_6
willflameboy,willflameboy,Auteur,6,8.25,0.0,0.4633699633699634,0.0009194872269079693,0.0021050530548811747,1,1,1,0,BDS,Thème_7
Known-Platform1735,Known-Platform1735,Auteur,1,2.75,2.6581208646426052e-06,0.45585585585585586,0.00018931970039805837,0.0017260632011339345,1,1,1,0,BDS,Thème_3
ExtHD,ExtHD,Auteur,0,53.166666666666664,3.233939231930051e-05,0.5776255707762558,0.007958914132006906,0.004172964039513915,1,1,1,0,BDS,Thème_6
ibrahim_D12,ibrahim_D12,Auteur,0,53.166666666666664,3.233939231930051e-05,0.5776255707762558,0.007958914132006906,0.004172964039513915,1,1,0,1,BoycottIsrael,Thème_6
That-Flamingo9866,That-Flamingo9866,Auteur,2,91.74999999999999,5.2257423759762985e-06,0.6372795969773299,0.1070226444620544,0.005106458178527052,1,1,0,1,BoycottIsrael,Thème_5
ConfidenceCareless71,ConfidenceCareless71,Auteur,0,53.166666666666664,3.233939231930051e-05,0.5776255707762558,0.007958914132006906,0.004172964039513915,1,1,0,1,BoycottIsrael,Thème_6
No_Newspaper_2914,No_Newspaper_2914,Auteur,2,91.74999999999999,5.2257423759762985e-06,0.6372795969773299,0.1070226444620544,0.005106458178527052,1,1,0,1,BoycottIsrael,Thème_5
Enough_Credit_8199,Enough_Credit_8199,Auteur,0,41.62698412698413,0.0004984006548715606,0.5938967136150235,0.00530158633609027,0.004069715025700535,2,3,0,3,BoycottIsrael,Thème_6;Thème_10
Sad_Recognition_6037,Sad_Recognition_6037,Auteur,2,91.74999999999999,5.2257423759762985e-06,0.6372795969773299,0.1070226444620544,0.005106458178527052,1,1,0,1,BoycottIsrael,Thème_5
DarkShadow13206,DarkShadow13206,Auteur,2,91.74999999999999,5.2257423759762985e-06,0.6372795969773299,0.1070226444620544,0.005106458178527052,1,1,0,1,BoycottIsrael,Thème_5
Miserable-Spinach867,Miserable-Spinach867,Auteur,0,53.166666666666664,3.233939231930051e-05,0.5776255707762558,0.007958914132006906,0.004172964039513915,1,2,0,2,BoycottIsrael,Thème_6
Big_Fennel2186,Big_Fennel2186,Auteur,0,53.166666666666664,3.233939231930051e-05,0.5776255707762558,0.007958914132006906,0.004172964039513915,1,1,0,1,BoycottIsrael,Thème_6
introvertaltsakki,introvertaltsakki,Auteur,2,91.74999999999999,5.2257423759762985e-06,0.6372795969773299,0.1070226444620544,0.005106458178527052,1,1,0,1,BoycottIsrael,Thème_5
Jealous-Ad-4838,Jealous-Ad-4838,Auteur,2,91.74999999999999,5.2257423759762985e-06,0.6372795969773299,0.1070226444620544,0.005106458178527052,1,1,0,1,BoycottIsrael,Thème_5
urek__mazino_4444,urek__mazino_4444,Auteur,3,22.833333333333332,6.363827699912904e-07,0.49705304518664045,0.00098852434822287,0.003315336035718598,1,1,0,1,BoycottIsrael,Thème_10
PandoraHadess,PandoraHadess,Auteur,2,91.74999999999999,5.2257423759762985e-06,0.6372795969773299,0.1070226444620544,0.005106458178527052,1,3,0,3,BoycottIsrael,Thème_5
Weird-Noise-180,Weird-Noise-180,Auteur,2,91.74999999999999,5.2257423759762985e-06,0.6372795969773299,0.1070226444620544,0.005106458178527052,1,1,0,1,BoycottIsrael,Thème_5
Financial_Smile4143,Financial_Smile4143,Auteur,0,46.56388888888888,0.095557453476708,0.7463126843657817,0.03089404857145484,0.004069283636172551,4,8,0,8,BoycottIsrael,Thème_5;Thème_6;Thème_3;Thème_4
ElkNational9973,ElkNational9973,Auteur,2,91.74999999999999,5.2257423759762985e-06,0.6372795969773299,0.1070226444620544,0.005106458178527052,1,1,0,1,BoycottIsrael,Thème_5
jodio_hoestar,jodio_hoestar,Auteur,0,31.9079365079365,0.00022599802620506556,0.5776255707762558,0.005180490361483802,0.003085877494850229,2,2,0,2,BoycottIsrael,Thème_6;Thème_9
Colei_the_weird,Colei_the_weird,Auteur,2,91.74999999999999,5.2257423759762985e-06,0.6372795969773299,0.1070226444620544,0.005106458178527052,1,1,0,1,BoycottIsrael,Thème_5
isaboobers,isaboobers,Auteur,2,91.74999999999999,5.2257423759762985e-06,0.6372795969773299,0.1070226444620544,0.005106458178527052,1,1,0,1,BoycottIsrael,Thème_5
weirdgurl24,weirdgurl24,Auteur,6,12.916666666666668,8.083864844668388e-05,0.5111111111111111,0.0019244382826440146,0.0022769104262537468,1,1,0,1,BoycottIsrael,Thème_1
-SimpleRicks-,-SimpleRicks-,Auteur,5,16.083333333333332,7.495970228889483e-06,0.4856046065259117,0.0008446485247361378,0.0029506820377605833,1,1,0,1,BoycottIsrael,Thème_4
shladvic,shladvic,Auteur,3,22.833333333333332,6.363827699912904e-07,0.49705304518664045,0.00098852434822287,0.003315336035718598,1,1,0,1,BoycottIsrael,Thème_10
Ok-Divide4719,Ok-Divide4719,Auteur,2,56.61904761904763,1.950545428806298e-05,0.6388888888888888,0.05554292184192298,0.004232562502687311,2,2,0,2,BoycottIsrael,Thème_4;Thème_5
LofiOcean131,LofiOcean131,Auteur,2,91.74999999999999,5.2257423759762985e-06,0.6372795969773299,0.1070226444620544,0.005106458178527052,1,2,0,2,BoycottIsrael,Thème_5
Ok_Consequence_5756,Ok_Consequence_5756,Auteur,6,11.833333333333334,5.39526231225836e-06,0.49510763209393344,0.0001328982859187604,0.003015956896481139,1,1,0,1,BoycottIsrael,Thème_2
Apprehensive-Cut9959,Apprehensive-Cut9959,Auteur,2,91.74999999999999,5.2257423759762985e-06,0.6372795969773299,0.1070226444620544,0.005106458178527052,1,1,0,1,BoycottIsrael,Thème_5
Pinkblushdiva,Pinkblushdiva,Auteur,0,81.57936507936508,4.527057672786167e-05,0.7419354838709677,0.06195245502996991,0.005273011785477766,2,2,0,2,BoycottIsrael,Thème_6;Thème_5
johnsmithoncemore,johnsmithoncemore,Auteur,6,14.82936507936508,1.6454106672424625e-05,0.5281837160751566,0.0012415224898303396,0.002975685375546839,2,2,0,2,BoycottIsrael,Thème_2;Thème_1
Dangermouse0214,Dangermouse0214,Auteur,6,12.916666666666668,8.083864844668388e-05,0.5111111111111111,0.0019244382826440146,0.0022769104262537468,1,1,0,1,BoycottIsrael,Thème_1
Novel_Bass6032,Novel_Bass6032,Auteur,5,12.833333333333332,3.0367550258508547e-05,0.5173824130879345,0.0009839881217552843,0.002560184758613661,1,1,0,1,BoycottIsrael,Thème_8
Ridussey,Ridussey,Auteur,2,91.74999999999999,5.2257423759762985e-06,0.6372795969773299,0.1070226444620544,0.005106458178527052,1,1,0,1,BoycottIsrael,Thème_5
Away-Lavishness-3805,Away-Lavishness-3805,Auteur,2,91.74999999999999,5.2257423759762985e-06,0.6372795969773299,0.1070226444620544,0.005106458178527052,1,1,0,1,BoycottIsrael,Thème_5
winter_in_eden,winter_in_eden,Auteur,2,91.74999999999999,5.2257423759762985e-06,0.6372795969773299,0.1070226444620544,0.005106458178527052,1,1,0,1,BoycottIsrael,Thème_5
Asinead666,Asinead666,Auteur,2,91.74999999999999,5.2257423759762985e-06,0.6372795969773299,0.1070226444620544,0.005106458178527052,1,1,0,1,BoycottIsrael,Thème_5
calombia,calombia,Auteur,5,16.083333333333332,7.495970228889483e-06,0.4856046065259117,0.0008446485247361378,0.0029506820377605833,1,1,0,1,BoycottIsrael,Thème_4
SnooOwls4954,SnooOwls4954,Auteur,2,91.74999999999999,5.2257423759762985e-06,0.6372795969773299,0.1070226444620544,0.005106458178527052,1,1,0,1,BoycottIsrael,Thème_5
Margiethecat,Margiethecat,Auteur,2,91.74999999999999,5.2257423759762985e-06,0.6372795969773299,0.1070226444620544,0.005106458178527052,1,1,0,1,BoycottIsrael,Thème_5
BlackberryIcy2214,BlackberryIcy2214,Auteur,6,11.833333333333334,5.39526231225836e-06,0.49510763209393344,0.00013289828591876037,0.003015956896481139,1,1,0,1,BoycottIsrael,Thème_2
Able_Compote6571,Able_Compote6571,Auteur,0,50.53928571428571,0.11250070955039895,0.7760736196319018,0.03160059121910537,0.004334678288375298,4,12,0,12,BoycottIsrael,Thème_4;Thème_5;Thème_6;Thème_8
pickl3dguava,pickl3dguava,Auteur,2,91.74999999999999,5.2257423759762985e-06,0.6372795969773299,0.1070226444620544,0.005106458178527052,1,1,0,1,BoycottIsrael,Thème_5
CopiousCool,CopiousCool,Auteur,0,63.4523809523811,0.021861994688081646,0.7689969604863222,0.043575614381114285,0.00470883719304075,3,5,0,5,BoycottIsrael,Thème_5;Thème_6;Thème_1
butterflyfrenchfry,butterflyfrenchfry,Auteur,2,91.74999999999999,5.2257423759762985e-06,0.6372795969773299,0.1070226444620544,0.005106458178527052,1,1,0,1,BoycottIsrael,Thème_5
Psychological-Gear78,Psychological-Gear78,Auteur,5,16.083333333333332,7.495970228889483e-06,0.4856046065259117,0.0008446485247361378,0.002950682037760583,1,1,0,1,BoycottIsrael,Thème_4
littleeeloveee,littleeeloveee,Auteur,3,22.833333333333332,6.363827699912904e-07,0.49705304518664045,0.00098852434822287,0.003315336035718598,1,1,0,1,BoycottIsrael,Thème_10
Effective_Nothing519,Effective_Nothing519,Auteur,2,91.74999999999999,5.2257423759762985e-06,0.6372795969773299,0.1070226444620544,0.005106458178527052,1,1,0,1,BoycottIsrael,Thème_5
CryingInTheGrass,CryingInTheGrass,Auteur,3,22.833333333333332,6.363827699912904e-07,0.49705304518664045,0.00098852434822287,0.003315336035718598,1,1,0,1,BoycottIsrael,Thème_10
Kekeegan,Kekeegan,Auteur,2,91.74999999999999,5.2257423759762985e-06,0.6372795969773299,0.1070226444620544,0.005106458178527052,1,1,0,1,BoycottIsrael,Thème_5
Rich_Ask3503,Rich_Ask3503,Auteur,4,5.583333333333333,0.0,0.4517857142857143,0.0011653935201975214,0.0014142955354549494,1,1,0,1,BoycottIsrael,Thème_9
aym0_0n,aym0_0n,Auteur,2,91.74999999999999,5.2257423759762985e-06,0.6372795969773299,0.1070226444620544,0.005106458178527052,1,1,0,1,BoycottIsrael,Thème_5
Beneficial-Network91,Beneficial-Network91,Auteur,2,53.091269841269856,1.7149917746162612e-05,0.6231527093596059,0.05573953116640316,0.0038864859096475256,2,2,0,2,BoycottIsrael,Thème_5;Thème_7
Squidieyy,Squidieyy,Auteur,0,53.166666666666664,3.233939231930051e-05,0.5776255707762558,0.007958914132006906,0.004172964039513916,1,1,0,1,BoycottIsrael,Thème_6
tyuptyupolpolp,tyuptyupolpolp,Auteur,3,61.293650793650805,0.00027481827004367093,0.6728723404255319,0.05568665525295561,0.004549431050519302,2,2,0,2,BoycottIsrael,Thème_10;Thème_5
Hopeful_Worth315,Hopeful_Worth315,Auteur,2,91.74999999999999,5.2257423759762985e-06,0.6372795969773299,0.1070226444620544,0.005106458178527052,1,1,0,1,BoycottIsrael,Thème_5
palilibre,palilibre,Auteur,0,81.57936507936508,4.527057672786167e-05,0.7419354838709677,0.06195245502996991,0.005273011785477766,2,2,0,2,BoycottIsrael,Thème_6;Thème_5
VISlONSOFALIFE,VISlONSOFALIFE,Auteur,2,91.74999999999999,5.2257423759762985e-06,0.6372795969773299,0.1070226444620544,0.005106458178527052,1,1,0,1,BoycottIsrael,Thème_5
Wolf4612,Wolf4612,Auteur,6,12.074603174603176,0.00022543244255369561,0.49607843137254903,0.0016520767540804749,0.002407195462354273,2,2,0,2,BoycottIsrael,Thème_7;Thème_1
Sp1dderxyz,Sp1dderxyz,Auteur,2,91.74999999999999,5.2257423759762985e-06,0.6372795969773299,0.1070226444620544,0.005106458178527052,1,1,0,1,BoycottIsrael,Thème_5
Responsible-Term4482,Responsible-Term4482,Auteur,0,53.166666666666664,3.233939231930051e-05,0.5776255707762558,0.007958914132006906,0.004172964039513916,1,1,0,1,BoycottIsrael,Thème_6
SylviaPlathsDaughter,SylviaPlathsDaughter,Auteur,6,11.833333333333334,5.39526231225836e-06,0.49510763209393344,0.00013289828591876037,0.003015956896481139,1,1,0,1,BoycottIsrael,Thème_2
comrade-sunflower,comrade-sunflower,Auteur,5,12.833333333333332,3.0367550258508547e-05,0.5173824130879345,0.0009839881217552843,0.002560184758613661,1,1,0,1,BoycottIsrael,Thème_8
cats_and_coffee15,cats_and_coffee15,Auteur,2,91.74999999999999,5.2257423759762985e-06,0.6372795969773299,0.1070226444620544,0.005106458178527052,1,1,0,1,BoycottIsrael,Thème_5
walkyslaysh,walkyslaysh,Auteur,3,22.833333333333332,6.363827699912904e-07,0.49705304518664045,0.00098852434822287,0.003315336035718598,1,1,0,1,BoycottIsrael,Thème_10
hanandmeow,hanandmeow,Auteur,3,22.833333333333332,6.363827699912904e-07,0.49705304518664045,0.00098852434822287,0.003315336035718598,1,1,0,1,BoycottIsrael,Thème_10
Amoonthedollygirl,Amoonthedollygirl,Auteur,5,16.083333333333332,7.495970228889483e-06,0.4856046065259117,0.0008446485247361378,0.002950682037760583,1,1,0,1,BoycottIsrael,Thème_4
Ambitious-Narwhal158,Ambitious-Narwhal158,Auteur,2,55.960317460317476,3.587017456165752e-05,0.6340852130325815,0.055810769157004794,0.004141666132982485,2,2,0,2,BoycottIsrael,Thème_8;Thème_5
SamZ025,SamZ025,Auteur,5,16.083333333333332,7.495970228889483e-06,0.4856046065259117,0.0008446485247361378,0.002950682037760583,1,1,0,1,BoycottIsrael,Thème_4
Unfair_Enthusiasm696,Unfair_Enthusiasm696,Auteur,0,53.166666666666664,3.233939231930051e-05,0.5776255707762558,0.007958914132006906,0.004172964039513916,1,1,0,1,BoycottIsrael,Thème_6
peachemistry,peachemistry,Auteur,2,91.74999999999999,5.2257423759762985e-06,0.6372795969773299,0.1070226444620544,0.005106458178527052,1,1,0,1,BoycottIsrael,Thème_5
Ok-Bicycle-12345,Ok-Bicycle-12345,Auteur,0,53.166666666666664,3.233939231930051e-05,0.5776255707762558,0.007958914132006906,0.004172964039513916,1,1,0,1,BoycottIsrael,Thème_6
ComfortableJello508,ComfortableJello508,Auteur,0,53.166666666666664,3.233939231930051e-05,0.5776255707762558,0.007958914132006906,0.004172964039513916,1,1,0,1,BoycottIsrael,Thème_6
GermanLetsKotz,GermanLetsKotz,Auteur,5,12.833333333333332,3.0367550258508547e-05,0.5173824130879345,0.0009839881217552843,0.002560184758613661,1,1,0,1,BoycottIsrael,Thème_8
KrackalackinKraken,KrackalackinKraken,Auteur,3,22.833333333333332,6.363827699912904e-07,0.49705304518664045,0.00098852434822287,0.003315336035718598,1,1,0,1,BoycottIsrael,Thème_10
SystemNo524,SystemNo524,Auteur,3,22.833333333333332,6.363827699912904e-07,0.49705304518664045,0.00098852434822287,0.003315336035718598,1,1,0,1,BoycottIsrael,Thème_10
FlabbyShabby,FlabbyShabby,Auteur,0,53.166666666666664,3.233939231930051e-05,0.5776255707762558,0.007958914132006906,0.004172964039513916,1,1,0,1,BoycottIsrael,Thème_6
Justarandomguy-fuck,Justarandomguy-fuck,Auteur,0,53.166666666666664,3.233939231930051e-05,0.5776255707762558,0.007958914132006906,0.004172964039513916,1,1,0,1,BoycottIsrael,Thème_6
_maeverie,_maeverie,Auteur,6,11.833333333333334,5.39526231225836e-06,0.49510763209393344,0.00013289828591876037,0.003015956896481139,1,1,0,1,BoycottIsrael,Thème_2
thatsjustarandomname,thatsjustarandomname,Auteur,2,91.74999999999999,5.2257423759762985e-06,0.6372795969773299,0.1070226444620544,0.005106458178527052,1,1,0,1,BoycottIsrael,Thème_5
Fit_Fisherman_3317,Fit_Fisherman_3317,Auteur,6,8.25,0.0,0.4633699633699634,0.0009194872269079694,0.0021050530548811747,1,2,0,2,BoycottIsrael,Thème_7
ResearchWorking3402,ResearchWorking3402,Auteur,5,16.083333333333332,7.495970228889483e-06,0.4856046065259117,0.0008446485247361378,0.002950682037760583,1,2,0,2,BoycottIsrael,Thème_4
Late-Test2209,Late-Test2209,Auteur,0,53.166666666666664,3.233939231930051e-05,0.5776255707762558,0.007958914132006906,0.004172964039513916,1,1,0,1,BoycottIsrael,Thème_6
ElectricalChance3664,ElectricalChance3664,Auteur,0,31.17142857142854,0.01346539933496454,0.6155717761557178,0.0043120987979424485,0.003750142579676528,3,3,0,3,BoycottIsrael,Thème_6;Thème_2;Thème_1
OkShelter6459,OkShelter6459,Auteur,6,8.25,0.0,0.4633699633699634,0.0009194872269079694,0.0021050530548811747,1,1,0,1,BoycottIsrael,Thème_7
MrLabbrow,MrLabbrow,Auteur,0,53.166666666666664,3.233939231930051e-05,0.5776255707762558,0.007958914132006906,0.004172964039513916,1,1,0,1,BoycottIsrael,Thème_6
Akram-Brahimi,Akram-Brahimi,Auteur,2,52.00793650793652,3.0304993800689555e-05,0.6185819070904646,0.056007078413201176,0.0035543320150575918,2,4,0,4,BoycottIsrael,Thème_9;Thème_5
Sea_Banana882,Sea_Banana882,Auteur,0,81.57936507936508,4.527057672786167e-05,0.7419354838709677,0.06195245502996991,0.005273011785477766,2,3,0,3,BoycottIsrael,Thème_6;Thème_5
nesmacon,nesmacon,Auteur,6,11.833333333333334,5.39526231225836e-06,0.49510763209393344,0.00013289828591876037,0.003015956896481139,1,1,0,1,BoycottIsrael,Thème_2
CatacaX,CatacaX,Auteur,0,53.166666666666664,3.233939231930051e-05,0.5776255707762558,0.007958914132006906,0.004172964039513916,1,1,0,1,BoycottIsrael,Thème_6
Altruistic-Look6136,Altruistic-Look6136,Auteur,3,22.833333333333332,6.363827699912904e-07,0.49705304518664045,0.00098852434822287,0.003315336035718598,1,1,0,1,BoycottIsrael,Thème_10
TonkaMaze,TonkaMaze,Auteur,0,53.166666666666664,3.233939231930051e-05,0.5776255707762558,0.007958914132006906,0.004172964039513916,1,1,0,1,BoycottIsrael,Thème_6
m7mdhassballa,m7mdhassballa,Auteur,2,91.74999999999999,5.2257423759762985e-06,0.6372795969773299,0.1070226444620544,0.005106458178527052,1,1,0,1,BoycottIsrael,Thème_5
J3ssM,J3ssM,Auteur,0,53.166666666666664,3.233939231930051e-05,0.5776255707762558,0.007958914132006906,0.004172964039513916,1,1,0,1,BoycottIsrael,Thème_6
Early_Bad_,Early_Bad_,Auteur,0,53.166666666666664,3.233939231930051e-05,0.5776255707762558,0.007958914132006906,0.004172964039513916,1,1,0,1,BoycottIsrael,Thème_6
Accomplished-Low9635,Accomplished-Low9635,Auteur,3,22.833333333333332,6.363827699912904e-07,0.49705304518664045,0.00098852434822287,0.003315336035718598,1,1,0,1,BoycottIsrael,Thème_10
Fantastic_Bag1560,Fantastic_Bag1560,Auteur,2,91.74999999999999,5.2257423759762985e-06,0.6372795969773299,0.1070226444620544,0.005106458178527052,1,1,0,1,BoycottIsrael,Thème_5
Forward-Molasses4404,Forward-Molasses4404,Auteur,3,22.833333333333332,6.363827699912904e-07,0.49705304518664045,0.00098852434822287,0.003315336035718598,1,1,0,1,BoycottIsrael,Thème_10
abenites99,abenites99,Auteur,0,53.166666666666664,3.233939231930051e-05,0.5776255707762558,0.007958914132006906,0.004172964039513916,1,1,0,1,BoycottIsrael,Thème_6
Zealousideal-Item607,Zealousideal-Item607,Auteur,0,36.61904761904761,3.385733199397796e-05,0.5829493087557603,0.005137304308398026,0.003723224134841689,2,2,0,2,BoycottIsrael,Thème_6;Thème_4
NewPatron-St,NewPatron-St,Auteur,0,53.166666666666664,3.233939231930051e-05,0.5776255707762558,0.007958914132006906,0.004172964039513916,1,1,0,1,BoycottIsrael,Thème_6
ChangePrestigious702,ChangePrestigious702,Auteur,0,53.166666666666664,3.233939231930051e-05,0.5776255707762558,0.007958914132006906,0.004172964039513916,1,1,0,1,BoycottIsrael,Thème_6
Moth_Man_68,Moth_Man_68,Auteur,0,53.166666666666664,3.233939231930051e-05,0.5776255707762558,0.007958914132006906,0.004172964039513916,1,1,0,1,BoycottIsrael,Thème_6
guibidesc,guibidesc,Auteur,5,16.083333333333332,7.495970228889483e-06,0.4856046065259117,0.0008446485247361378,0.002950682037760583,1,1,0,1,BoycottIsrael,Thème_4
No_Snow2245,No_Snow2245,Auteur,0,53.166666666666664,3.233939231930051e-05,0.5776255707762558,0.007958914132006906,0.004172964039513916,1,1,0,1,BoycottIsrael,Thème_6
Perfect-Parking1536,Perfect-Parking1536,Auteur,0,53.166666666666664,3.233939231930051e-05,0.5776255707762558,0.007958914132006906,0.004172964039513916,1,1,0,1,BoycottIsrael,Thème_6
Farley_B,Farley_B,Auteur,6,11.833333333333334,5.39526231225836e-06,0.49510763209393344,0.00013289828591876037,0.003015956896481139,1,1,0,1,BoycottIsrael,Thème_2
HuckleberryFuzzy918,HuckleberryFuzzy918,Auteur,2,91.74999999999999,5.2257423759762985e-06,0.6372795969773299,0.1070226444620544,0.005106458178527052,1,1,0,1,BoycottIsrael,Thème_5
ResolutionDull5054,ResolutionDull5054,Auteur,2,91.74999999999999,5.2257423759762985e-06,0.6372795969773299,0.1070226444620544,0.005106458178527052,1,1,0,1,BoycottIsrael,Thème_5
Ok_Strawberry_2143,Ok_Strawberry_2143,Auteur,3,21.043650793650798,0.00126482712005579,0.5281837160751566,0.002097417700297842,0.00311651608213051,2,2,0,2,BoycottIsrael,Thème_1;Thème_10
DragonflyNo19,DragonflyNo19,Auteur,6,11.833333333333334,5.39526231225836e-06,0.49510763209393344,0.00013289828591876037,0.003015956896481139,1,1,0,1,BoycottIsrael,Thème_2
secret-agent-zero,secret-agent-zero,Auteur,4,5.583333333333333,0.0,0.4517857142857143,0.0011653935201975214,0.0014142955354549494,1,1,0,1,BoycottIsrael,Thème_9
Ok_Somewhere9687,Ok_Somewhere9687,Auteur,0,53.166666666666664,3.233939231930051e-05,0.5776255707762558,0.007958914132006906,0.004172964039513916,1,1,0,1,BoycottIsrael,Thème_6
Ur_Shado,Ur_Shado,Auteur,3,22.833333333333332,6.363827699912904e-07,0.49705304518664045,0.00098852434822287,0.003315336035718598,1,1,0,1,BoycottIsrael,Thème_10
VanillaAdventurous74,VanillaAdventurous74,Auteur,2,91.74999999999999,5.2257423759762985e-06,0.6372795969773299,0.1070226444620544,0.005106458178527052,1,1,0,1,BoycottIsrael,Thème_5
TheAlphaKiller17,TheAlphaKiller17,Auteur,2,91.74999999999999,5.2257423759762985e-06,0.6372795969773299,0.1070226444620544,0.005106458178527052,1,1,0,1,BoycottIsrael,Thème_5
CrossingVoid,CrossingVoid,Auteur,0,53.166666666666664,3.233939231930051e-05,0.5776255707762558,0.007958914132006906,0.004172964039513916,1,1,0,1,BoycottIsrael,Thème_6
venrir,venrir,Auteur,6,12.916666666666668,8.083864844668388e-05,0.5111111111111111,0.0019244382826440146,0.0022769104262537468,1,1,0,1,BoycottIsrael,Thème_1
Icy_Giraffe3903,Icy_Giraffe3903,Auteur,0,53.166666666666664,3.233939231930051e-05,0.5776255707762558,0.007958914132006906,0.004172964039513916,1,1,0,1,BoycottIsrael,Thème_6
tallbigbear,tallbigbear,Auteur,5,12.833333333333332,3.0367550258508547e-05,0.5173824130879345,0.0009839881217552843,0.002560184758613661,1,1,0,1,BoycottIsrael,Thème_8
doctormelody18,doctormelody18,Auteur,2,91.74999999999999,5.2257423759762985e-06,0.6372795969773299,0.1070226444620544,0.005106458178527052,1,1,0,1,BoycottIsrael,Thème_5
No_Degree3814,No_Degree3814,Auteur,0,53.166666666666664,3.233939231930051e-05,0.5776255707762558,0.007958914132006906,0.004172964039513916,1,1,0,1,BoycottIsrael,Thème_6
