id,subreddit,permalink,title,selftext,created_utc_formatted,created_utc,author,score,ups,downs,num_comments,upvote_ratio,author_fullname,subreddit_subscribers,total_awards_received,link_flair_text,over_18,locked,created_local_formatted,created_local,edited,selftext_length,downs_calculated
1p4iw4q,BoycottIsrael,https://reddit.com/r/BoycottIsrael/comments/1p4iw4q/x_rolls_out_feature_that_shows_users_country_of/,X rolls out feature that shows users country of origin - then suddenly removes it,Via @ceolawyer on Instagram  - Nothing to see here right?,2025-11-23 10:51:39,1763891499.0,pumpkinzh,750,750,0,52,0.99,t2_7clqbllq8,14128,0,News,False,False,2025-11-23 10:51:39,1763891499.0,False,57.0,7
1jpksc7,BoycottIsrael,https://reddit.com/r/BoycottIsrael/comments/1jpksc7/boycott_dr_mike_youtuber_a_genocide_supporter_of/,Boycott Dr. Mike (YouTuber) A Genocide Supporter Of Israel,,2025-04-02 10:51:42,1743587502.0,ElectricalChance3664,670,670,0,49,1.0,t2_1dhmt8svgy,14128,0,News,False,False,2025-04-02 10:51:42,1743587502.0,False,,0
1nd2x2q,BoycottIsrael,https://reddit.com/r/BoycottIsrael/comments/1nd2x2q/fuck_israel_by_evie_templeton/,Fuck Israel by Evie Templeton,,2025-09-10 03:51:38,1757472698.0,OkShelter6459,637,637,0,34,0.99,t2_92q6d427,14128,0,,False,False,2025-09-10 03:51:38,1757472698.0,False,,6
1lgsi0t,BoycottIsrael,https://reddit.com/r/BoycottIsrael/comments/1lgsi0t/crow_removed_the_zionist_flag/,crow removed the Zionist flag.,,2025-06-21 10:25:18,1750497918.0,MrLabbrow,589,589,0,29,1.0,t2_d6dwzpqe,14128,0,,False,False,2025-06-21 10:25:18,1750497918.0,False,,0
1nwlmwx,BoycottIsrael,https://reddit.com/r/BoycottIsrael/comments/1nwlmwx/new_bds_target_just_dropped/,New BDS Target Just Dropped,Crunchyroll subtitling staff are reportedly being forced to abandon their old software and switch to an Israeli one.,2025-10-03 02:07:18,1759453638.0,KingofTrilobites123,589,589,0,38,1.0,t2_1smplo0g0o,14128,0,Confirmed: boycott,False,False,2025-10-03 02:07:18,1759453638.0,False,116.0,0
1ohou0c,BoycottIsrael,https://reddit.com/r/BoycottIsrael/comments/1ohou0c/who_knew_saying_no_thanks_to_genocide_supporters/,Who knew saying no thanks to genocide supporters could feel this powerful,,2025-10-27 21:00:57,1761595257.0,Akram-Brahimi,566,566,0,19,1.0,t2_fr1x0gg0,14128,0,Confirmed: boycott,False,False,2025-10-27 21:00:57,1761595257.0,False,,0
1mrr3od,BoycottIsrael,https://reddit.com/r/BoycottIsrael/comments/1mrr3od/model_unfurls_palestinian_flag_during_fashion/,Model unfurls Palestinian flag during fashion show in Copenhagen,,2025-08-16 11:13:39,1755339219.0,Sea_Banana882,558,558,0,7,1.0,t2_wruvntiyp,14128,0,News,False,False,2025-08-16 11:13:39,1755339219.0,False,,0
1m54gca,BoycottIsrael,https://reddit.com/r/BoycottIsrael/comments/1m54gca/university_of_helsinki_boycotting_israeli_students/,University of Helsinki Boycotting Israeli Students,,2025-07-21 01:17:00,1753057020.0,nesmacon,548,548,0,31,1.0,t2_1tfgx06n6z,14128,0,Confirmed: safe,False,False,2025-07-21 01:17:00,1753057020.0,False,,0
1p5stna,BoycottIsrael,https://reddit.com/r/BoycottIsrael/comments/1p5stna/stranger_things_boycott/,Stranger things boycott,Stranger Things Season 5 in 3 days. And we will stand against it(I hope so),2025-11-24 21:52:43,1764017563.0,CatacaX,543,543,0,42,1.0,t2_1iv4acsmit,14128,0,Question,False,False,2025-11-24 21:52:43,1764017563.0,False,75.0,0
1n176gn,BoycottIsrael,https://reddit.com/r/BoycottIsrael/comments/1n176gn/mcdonalds/,McDonald’s,https://www.tumblr.com/theinconvenientlifestyle/784254989436600320,2025-08-27 05:05:52,1756267552.0,Practical_Chef_7897,507,507,0,2,1.0,t2_vuxmu214c,14128,0,Confirmed: boycott,False,False,2025-08-27 05:05:52,1756267552.0,False,66.0,0
1nrx2op,BoycottIsrael,https://reddit.com/r/BoycottIsrael/comments/1nrx2op/appalled_to_see_that_costco_is_openly_stocking/,Appalled to see that Costco is openly stocking Israeli products!!,,2025-09-27 15:47:07,1758984427.0,Altruistic-Look6136,489,489,0,34,1.0,t2_1v3iakyh33,14128,0,Confirmed: boycott,False,False,2025-09-27 15:47:07,1758984427.0,False,,0
1obwtte,BoycottIsrael,https://reddit.com/r/BoycottIsrael/comments/1obwtte/if_you_consider_yourself_above_humanity_you/,If you consider yourself above humanity — you should be treated as separate from it.,,2025-10-21 00:07:51,1761001671.0,TonkaMaze,483,483,0,21,0.99,t2_1mz8yq2syf,14128,0,,False,False,2025-10-21 00:07:51,1761001671.0,False,,4
1jwpvqb,BoycottIsrael,https://reddit.com/r/BoycottIsrael/comments/1jwpvqb/your_favorite_celebrity_is_a_zionist_yet_you/,Your favorite celebrity is a Zionist yet you continue  to glaze them,Taken from: [https://x.com/Inhumansoflate1/status/1909673621439889598](https://x.com/Inhumansoflate1/status/1909673621439889598),2025-04-11 14:28:34,1744378114.0,ElectricalChance3664,436,436,0,31,0.99,t2_1dhmt8svgy,14128,0,Confirmed: boycott,False,False,2025-04-11 14:28:34,1744378114.0,False,128.0,4
1n0b2yj,BoycottIsrael,https://reddit.com/r/BoycottIsrael/comments/1n0b2yj/starbucks/,Starbucks,https://www.tumblr.com/troythecatfish/747425308959997952,2025-08-26 04:16:11,1756178171.0,Practical_Chef_7897,431,431,0,14,1.0,t2_vuxmu214c,14128,0,Confirmed: boycott,False,False,2025-08-26 04:16:11,1756178171.0,False,56.0,0
1olrn33,BoycottIsrael,https://reddit.com/r/BoycottIsrael/comments/1olrn33/hahahah_keep_it_up/,HAHAHAH ... Keep it up,"There's no redemption for supporting genocide, crash and burn Pizza Hut",2025-11-01 17:07:33,1762013253.0,CopiousCool,423,423,0,6,1.0,t2_gzzaomd81,14128,0,News,False,False,2025-11-01 17:07:33,1762013253.0,False,71.0,0
1nl39g7,BoycottIsrael,https://reddit.com/r/BoycottIsrael/comments/1nl39g7/in_gaza/,In Gaza,"A lone infant—without an embrace to hold her, without a heart to protect her!

How can one look past such an image, go about their day as if it were nothing? A fragile body, wrapped in dust, shaded only by a tattered piece of cloth. In one hand she clutches something too weak to hold her, while the other draws an innocent soul close to her chest.

A terrifying scene—just one moment among thousands of horrifying moments—that will remain an unshakable testimony. How is it that a childhood so young falls asleep in death, and dies in sleep, as if fleeing the darkness of a life too cruel to endure… 💔

رضيعة وحيدة بلا حضنٍ يَضُمُّها ولا قلب يَحميها!

كيف للإنسان أن يتجاوز هذه الصّورة، أن يكون يومه وتفاصيله، جسد غَضّ، يَحُفُّه التّراب، يستَظِلُّ بقطعة قماشٍ بالية، تُمسِكُ بيَدها ما لا يُقيمُ يَدَها، وتَضُمّ الأخرىٰ بريئةً إليها، مشهد مخيف، ولحظة من آلاف اللّحظات المُرعِبة، ستبقىٰ شاهدةً ثابتة، كيف لطفولةٍ صغيرةٍ تنامُ مَوتًا، وتَموتُ نومًا، كأنّما تَهرُب من تفاصيل حياةٍ مُظلِمة.. 💔",2025-09-19 14:14:35,1758287675.0,m7mdhassballa,416,416,0,9,1.0,t2_2bgo7bfk,14128,0,,False,False,2025-09-19 14:14:35,1758287675.0,False,989.0,0
1nskbi4,BoycottIsrael,https://reddit.com/r/BoycottIsrael/comments/1nskbi4/paramore_joins_the_no_music_for_genocide_campaign/,Paramore joins the “No Music for Genocide” campaign and removes music from streaming in Israel,,2025-09-28 10:49:07,1759052947.0,Tr0jan___,397,397,0,17,1.0,t2_ykt3x3780,14128,0,,False,False,2025-09-28 10:49:07,1759052947.0,False,,0
1krc01q,BoycottIsrael,https://reddit.com/r/BoycottIsrael/comments/1krc01q/a_brave_israeli_woman/,A brave Israeli woman,"And they say, ""Why there is antisemetism, why people hate Israelis,😭😭😥, we are chosen people""",2025-05-20 19:15:42,1747764942.0,[deleted],390,390,0,63,0.97,,14128,0,,False,False,2025-05-20 19:15:42,1747764942.0,False,93.0,12
1mh5vg1,BoycottIsrael,https://reddit.com/r/BoycottIsrael/comments/1mh5vg1/makeup_brands_that_has_no_ties_to_israel/,Make-Up Brands that has no ties to Israel :),"can someone confirm that these in no way, shape or form support israel",2025-08-04 07:18:11,1754288291.0,J3ssM,381,381,0,70,0.99,t2_h0b0ukn9,14128,0,Question,False,False,2025-08-04 07:18:11,1754288291.0,False,70.0,3
1m2r1zn,BoycottIsrael,https://reddit.com/r/BoycottIsrael/comments/1m2r1zn/greek_dockworkers_block_arms_to_israel/,Greek dockworkers block arms to Israel.,,2025-07-18 03:51:52,1752807112.0,librephili,376,376,0,24,1.0,t2_1mz6dmw2zb,14128,0,News,False,False,2025-07-18 03:51:52,1752807112.0,False,,0
1op7nlx,BoycottIsrael,https://reddit.com/r/BoycottIsrael/comments/1op7nlx/the_war_ended_outside_but_its_still_alive_inside/,"The war ended outside, but it’s still alive inside us.","During the war, many foreign friends stood with us in ways I’ll never forget. Some donated, some wrote, some just stayed present through messages when everything around us was falling apart. One of them once told me she wanted to find a psychologist for me and my family.

At first, I didn’t even know how to react. I felt shocked, almost offended. I told her, please don’t ever say that again. I thought she didn’t understand us that we just needed food, safety, maybe a roof. Not therapy. But she gently insisted, saying it might help after everything we’ve been through.

I stopped replying to her messages for a while after that. Something about her words made me feel small, or maybe seen in a way I wasn’t ready for. And over the weeks that followed, I began noticing changes in myself: how short my temper had become, how easily I snapped at my brother or got angry at small things.

Then I realized they were right. Something in us changed. The way we see and understand things isn’t the same anymore. We’ve become quick to judge, quick to shout, and always on edge. We interpret every word and gesture through our pain.

It’s terrifying when you notice it when you realize that the war might have ended outside, but it’s still alive inside you.

We’re people who survived the bombs physically, yes but I can say with certainty that 99% of us in Gaza have been deeply wounded psychologically. We don’t see things as they are anymore, only as our wounds let us see them.

I’ll end with a quote from Mikhail Naimy’s Memoirs of the Vagrant, a passage I read long ago, and now it makes painful sense:

“If I were to engrave three words at the end of every book ever written,
and carve them beneath every statue, paint them beneath every portrait,
or whisper them at the end of every poem or speech,
they would be these: ‘That’s what I thought.’
For no matter how precise and eloquent we try to be,
language is too small to contain the depth of our emotions and thoughts.
Truth lives in silence, not in speech.
And silence is veiled by the words that try to express it.”",2025-11-05 17:33:47,1762360427.0,Amr_Abu_Ouda,373,373,0,10,1.0,t2_4dsjiakm,14128,0,,False,False,2025-11-05 17:33:47,1762360427.0,False,2073.0,0
1ldfbwm,BoycottIsrael,https://reddit.com/r/BoycottIsrael/comments/1ldfbwm/boycott_nike/,Boycott Nike,,2025-06-17 06:42:14,1750138934.0,Early_Bad_,367,367,0,25,0.99,t2_biwqf9n4,14128,0,Confirmed: boycott,False,False,2025-06-17 06:42:14,1750138934.0,False,,3
1oi6h9q,BoycottIsrael,https://reddit.com/r/BoycottIsrael/comments/1oi6h9q/do_not_shop_at_tesco/,Do not shop at Tesco,"Good morning friends.

If you live in the UK, please do not shop at Tesco as you can see that they sell Israel flags on their site. ",2025-10-28 12:11:45,1761649905.0,Accomplished-Low9635,362,362,0,19,0.99,t2_fsvto101,14128,0,Confirmed: boycott,False,False,2025-10-28 12:11:45,1761649905.0,False,132.0,3
1nvablm,BoycottIsrael,https://reddit.com/r/BoycottIsrael/comments/1nvablm/oh_dear/,Oh dear ...,,2025-10-01 15:51:15,1759330275.0,CopiousCool,359,359,0,24,1.0,t2_gzzaomd81,14128,0,News,False,False,2025-10-01 15:51:15,1759330275.0,False,,0
1osh48h,BoycottIsrael,https://reddit.com/r/BoycottIsrael/comments/1osh48h/all_of_them_can_go_to/,All of them can go to…,,2025-11-09 12:31:54,1762687914.0,Witty-Savings-2048,357,357,0,22,0.99,t2_w48x1bl0t,14128,0,Confirmed: boycott,False,False,2025-11-09 12:31:54,1762687914.0,False,,3
1l5utp9,BoycottIsrael,https://reddit.com/r/BoycottIsrael/comments/1l5utp9/free_palestine/,Free Palestine ✌️❤️,,2025-06-07 21:48:45,1749329325.0,Fantastic_Bag1560,339,339,0,7,1.0,t2_1r0p5r19ry,14128,0,,False,False,2025-06-07 21:48:45,1749329325.0,False,,0
1o2ztkn,BoycottIsrael,https://reddit.com/r/BoycottIsrael/comments/1o2ztkn/van_jones_joked_about_dead_babies_in_gaza_then/,Van Jones joked about “dead babies in Gaza” then blamed Iran and Qatar for showing the world the truth.,"Sumer, a Palestinian activist in DC, says “our deaths are not a joke.”  
Every life is precious. Why can’t the media reflect that?",2025-10-10 13:41:57,1760100117.0,Able_Compote6571,339,339,0,18,0.99,t2_151dybzvbg,14128,0,Confirmed: boycott,False,False,2025-10-10 13:41:57,1760100117.0,False,130.0,3
1oj8e02,BoycottIsrael,https://reddit.com/r/BoycottIsrael/comments/1oj8e02/boycott_emirates_the_dogs_of_israel_for_their/,Boycott Emirates (The dogs of Israel) for their crimes in Sudan,,2025-10-29 16:58:54,1761753534.0,Akram-Brahimi,340,340,0,18,1.0,t2_fr1x0gg0,14128,0,,False,False,2025-10-29 16:58:54,1761753534.0,False,,0
1o0jw9f,BoycottIsrael,https://reddit.com/r/BoycottIsrael/comments/1o0jw9f/samsung/,Samsung,https://www.instagram.com/p/DOxh4oPCucl/?igsh=bDlsb3hoamJzNnJ3,2025-10-07 17:40:04,1759855204.0,Practical_Chef_7897,339,339,0,49,0.99,t2_vuxmu214c,14128,0,News,False,False,2025-10-07 17:40:04,1759855204.0,False,62.0,3
1ky56o6,BoycottIsrael,https://reddit.com/r/BoycottIsrael/comments/1ky56o6/fixed_gal_gadot_walk_of_fame_star_that_she_buy/,Fixed Gal Gadot walk of fame star ( that she buy with money ), ,2025-05-29 09:02:56,1748505776.0,Forward-Molasses4404,337,337,0,6,0.99,t2_1enrv6nlgx,14128,0,,False,False,2025-05-29 09:02:56,1748505776.0,False,1.0,3
1oywvx6,BoycottIsrael,https://reddit.com/r/BoycottIsrael/comments/1oywvx6/samsung_is_not_safe/,Samsung is not safe,,2025-11-16 21:54:31,1763326471.0,Akram-Brahimi,332,332,0,31,1.0,t2_fr1x0gg0,14128,0,Confirmed: boycott,False,False,2025-11-16 21:54:31,1763326471.0,False,,0
1jixk53,BoycottIsrael,https://reddit.com/r/BoycottIsrael/comments/1jixk53/the_journalist_of_al_jazeera_channel_mahmoud/,"The journalist of Al Jazeera channel, Mahmoud Mansour, who was m.artyered today, his father tells him: ""Hold the mic and speak. Even if you're d.ead, speak. The image is what conveys the message. You must keep speaking."" 😢😢 🇵🇸",,2025-03-24 19:13:59,1742840039.0,[deleted],336,336,0,5,1.0,,14128,0,,False,False,2025-03-24 19:13:59,1742840039.0,False,,0
1kop8hq,BoycottIsrael,https://reddit.com/r/BoycottIsrael/comments/1kop8hq/do_you_condemn_hamas_piers_morgen/,"""Do You Condemn Hamas"" - Piers Morgen",,2025-05-17 10:47:36,1747475256.0,ElectricalChance3664,330,330,0,5,1.0,t2_1dhmt8svgy,14128,0,,False,False,2025-05-17 10:47:36,1747475256.0,False,,0
1ojp5f0,BoycottIsrael,https://reddit.com/r/BoycottIsrael/comments/1ojp5f0/boycott_works_better_than_you_can_imagine_real/,Boycott works better than you can imagine! Real power for normal people,,2025-10-30 04:20:50,1761794450.0,Akram-Brahimi,331,331,0,7,1.0,t2_fr1x0gg0,14128,0,Confirmed: boycott,False,False,2025-10-30 04:20:50,1761794450.0,False,,0
1k3f63g,BoycottIsrael,https://reddit.com/r/BoycottIsrael/comments/1k3f63g/boycott_stranger_things/,Boycott stranger things,,2025-04-20 06:09:44,1745125784.0,abenites99,326,326,0,7,1.0,t2_m2xibzw9,14128,0,,False,False,2025-04-20 06:09:44,1745125784.0,False,,0
1nqc2ge,BoycottIsrael,https://reddit.com/r/BoycottIsrael/comments/1nqc2ge/too_fcking_late_everyone_is_dead_microsoft/,Too fcking late. Everyone is dead Microsoft.,,2025-09-25 17:53:48,1758819228.0,Zealousideal-Item607,326,326,0,18,0.99,t2_9h1u5fiq,14128,0,Confirmed: boycott,False,False,2025-09-25 17:53:48,1758819228.0,False,,3
1l3kwm1,BoycottIsrael,https://reddit.com/r/BoycottIsrael/comments/1l3kwm1/spain_officially_cancel_israeli_arms_deals/,Spain officially cancel Israeli arms deals,,2025-06-05 00:51:23,1749081083.0,librephili,324,324,0,8,0.99,t2_1mz6dmw2zb,14128,0,News,False,False,2025-06-05 00:51:23,1749081083.0,False,,3
1otlmq2,BoycottIsrael,https://reddit.com/r/BoycottIsrael/comments/1otlmq2/mariah_carey_shows_support_for_netanyahu_another/,Mariah Carey shows support for NETANYAHU! (ANOTHER ONE SOLD THEIR SOUL TO THE DEVIL),,2025-11-10 19:26:14,1762799174.0,Able_Compote6571,315,315,0,17,0.99,t2_151dybzvbg,14128,0,Confirmed: boycott,False,False,2025-11-10 19:26:14,1762799174.0,False,,3
1ndg2xv,BoycottIsrael,https://reddit.com/r/BoycottIsrael/comments/1ndg2xv/i_was_a_zionist_until_recently_now_im_pro/,I was a Zionist until recently now I'm Pro Palestine,"I'm a 22 year old Canadian Atheist, growing up I had an Israeli occupational therapist which was why for the longest time I was pro Israel because of her. She didn't make me a Zionist, don't blame her as she is still one of the best people in my life, I became a Zionist because I believed in it but recently I began to see that Israel is a colonialist apartheid state.

I started to question Zionism and Israel back in 2023 during the October 7 attacks, after doing more research I became a critical supporter of Israel. But now after learning more I have rejected Zionism and Israel as they are committing genocide against the Palestinians and are proud of it, what makes me angrier is that it isn't just the Israeli government but the majority of Israelis are taking part.

I am not very much Pro Palestine, this genocide and war needs to end along with the State of Israel. I should have realized I was brainwashed be being a Zionist but its better late then never. I will proudly stand with the Palestinians against Isreal and show my support at protests. 🇵🇸🍉",2025-09-10 15:41:51,1757515311.0,NewPatron-St,313,313,0,30,0.98,t2_4othn18k,14128,0,,False,False,2025-09-10 15:41:51,1757515311.0,False,1064.0,6
1qajesh,BoycottIsrael,https://reddit.com/r/BoycottIsrael/comments/1qajesh/do_not_support_these_game_developers/,Do not support these Game Developers,"I don’t even know what to say anymore other than I am disappointed by the person who thought this was a good idea to run this ad. 

Video highlights advertising for mobile game titled: Supremacy: World War 3

Sold by: Stillfront Supremacy GmbH

DOG PRODUCTIONS LTD

Dorado Games

FREE PALESTINE. FREE SUDAN. FREE CONGO. FREE US ALL FROM AMERICAN IMPERIALISM. MAY TRUMP, NETANYAHU AND ASSOCIATES FAIL.",2026-01-12 03:57:21,1768186641.0,LofiOcean131,312,312,0,12,0.99,t2_10p67yzm16,14128,0,Rant,False,False,2026-01-12 03:57:21,1768186641.0,False,400.0,3
1oi83np,BoycottIsrael,https://reddit.com/r/BoycottIsrael/comments/1oi83np/rjewish_is_unfettered_racist_zionism/,r/Jewish is unfettered racist Zionism,"I came across r/Jewish which is being used a space for Zionists to wallow in self pity and be fascists, repeating IDF lies. So a complete conflation with Judaism which is so disingenuous to the many wonderful Jews calling out Israeli terror but I genuinely am AGHAST at the posts! Just wtf.",2025-10-28 13:33:00,1761654780.0,ChangePrestigious702,307,307,0,23,0.98,t2_rz64t7wbl,14128,0,,False,True,2025-10-28 13:33:00,1761654780.0,False,290.0,6
1npbma2,BoycottIsrael,https://reddit.com/r/BoycottIsrael/comments/1npbma2/game_over_israel/,Game Over Israel!,"Boycott Israel, Israeli club teams, and ban Israeli players. While this campaign is focused on football (soccer),   this should extend to every sport in which Israel participates at both a individual, club, or international level.

Here's the campaign's Linktree: [https://linktr.ee/game.over.israel](https://linktr.ee/game.over.israel)

And need we say more...while athletes from this rogue, genocidal, apartheid state freely participate in competitions across the globe, their military continues to wantonly murder Palestinian athletes, whether they be amateurs or professionals, children, adolescents, or adults.

An excerpt from just one of the many articles reporting on this matter (over the past two years):

""Palestinian athletes have not been spared from the nearly two-year-long genocide in Gaza, with 672 martyred by the Israeli occupation forces (IOF) in what Palestinian officials call a systematic assault targeting both people and infrastructure.""

[https://english.palinfo.com/news/2025/08/20/345969/](https://english.palinfo.com/news/2025/08/20/345969/)",2025-09-24 14:05:41,1758719141.0,Moth_Man_68,305,305,0,2,0.99,t2_1xe8jj5d6v,14128,0,,False,False,2025-09-24 14:05:41,1758719141.0,1758761203.0,1070.0,3
1mbz4ia,BoycottIsrael,https://reddit.com/r/BoycottIsrael/comments/1mbz4ia/boycotts_work/,Boycotts Work,,2025-07-29 02:59:05,1753754345.0,guibidesc,306,306,0,4,1.0,t2_1txro587i3,14128,0,News,False,False,2025-07-29 02:59:05,1753754345.0,False,,0
1mazpn0,BoycottIsrael,https://reddit.com/r/BoycottIsrael/comments/1mazpn0/gaza_genocide_sparks_wave_of_boycotts_at_major/,Gaza genocide sparks wave of boycotts at major European music festivals over KKR’s Israel Links,,2025-07-27 23:37:04,1753655824.0,librephili,306,306,0,28,1.0,t2_1mz6dmw2zb,14128,0,News,False,False,2025-07-27 23:37:04,1753655824.0,False,,0
1l3ir97,BoycottIsrael,https://reddit.com/r/BoycottIsrael/comments/1l3ir97/french_dock_workers_refuse_to_load_weapons_due/,French dock workers refuse to load weapons due for Israel,,2025-06-04 23:14:38,1749075278.0,librephili,306,306,0,2,0.99,t2_1mz6dmw2zb,14128,0,News,False,False,2025-06-04 23:14:38,1749075278.0,False,,3
1lv78rr,BoycottIsrael,https://reddit.com/r/BoycottIsrael/comments/1lv78rr/dock_workers_at_the_port_of_piraeus_have_said/,"Dock workers at the port of Piraeus have said that they will refuse to unload the Ever Golden, a container ship carrying military-grade steel to Israel, when it arrives in Greece.",,2025-07-09 03:17:36,1752027456.0,librephili,300,300,0,27,1.0,t2_1mz6dmw2zb,14128,0,News,False,False,2025-07-09 03:17:36,1752027456.0,False,,0
1ilc9cb,BoycottIsrael,https://reddit.com/r/BoycottIsrael/comments/1ilc9cb/gen_z_is_boycotting_made_in_israel_products_and/,Gen Z is boycotting “Made in Israel” products — and it’s working,,2025-02-09 11:53:29,1739098409.0,[deleted],303,303,0,8,1.0,,14128,0,News,False,False,2025-02-09 11:53:29,1739098409.0,False,,0
1on1bvg,BoycottIsrael,https://reddit.com/r/BoycottIsrael/comments/1on1bvg/israel_burns_christian_town_in_west_bank/,Israel burns Christian Town in West Bank,,2025-11-03 04:25:25,1762140325.0,Ilovedia,301,301,0,10,1.0,t2_evdtgw8v,14128,0,News,False,False,2025-11-03 04:25:25,1762140325.0,False,,0
1n70vdk,BoycottIsrael,https://reddit.com/r/BoycottIsrael/comments/1n70vdk/mcdonalds/,McDonald’s,https://www.tumblr.com/troythecatfish/755463478856253440,2025-09-03 01:48:26,1756860506.0,Practical_Chef_7897,301,301,0,13,1.0,t2_vuxmu214c,14128,0,Confirmed: boycott,False,False,2025-09-03 01:48:26,1756860506.0,False,56.0,0
1mr357g,BoycottIsrael,https://reddit.com/r/BoycottIsrael/comments/1mr357g/why_isnt_this_covered_by_western_media/,Why isn’t this covered by Western media?,,2025-08-15 17:41:34,1755276094.0,Sea_Banana882,297,297,0,7,1.0,t2_wruvntiyp,14128,0,News,False,False,2025-08-15 17:41:34,1755276094.0,False,,0
1nwbvot,BoycottIsrael,https://reddit.com/r/BoycottIsrael/comments/1nwbvot/global_protests_after_israels_kidnapping_of_the/,Global Protests after Israel's kidnapping of the flotilla crew,"Never Give Up! 2 million people are counting on us! When we don't stop to put out the fire in our neighbour's home, pretty soon it is our own house that will be on fire. HOW LONG DO WE THINK WE CAN AVOID THIS???

 this is an urgent matter for entire humanity..",2025-10-02 19:31:25,1759429885.0,Able_Compote6571,295,295,0,0,1.0,t2_151dybzvbg,14128,0,News,False,False,2025-10-02 19:31:25,1759429885.0,False,260.0,0
1oa7o6l,BoycottIsrael,https://reddit.com/r/BoycottIsrael/comments/1oa7o6l/the_tide_is_turning_aipacs_grip_is_cracking/,The tide is turning- AIPAC'S GRIP IS CRACKING!,"Rep. Seth Moulton just returned AIPAC’s checks, joining Democrats and even Republicans who refuse to be tied to a lobby enabling genocide in Gaza.  
The politicians are finally realizing it is not in their best interest to take AIPAC's money.  
The tide is turning!",2025-10-18 22:17:08,1760822228.0,Able_Compote6571,295,295,0,8,1.0,t2_151dybzvbg,14128,0,News,False,False,2025-10-18 22:17:08,1760822228.0,False,265.0,0
1llenhv,BoycottIsrael,https://reddit.com/r/BoycottIsrael/comments/1llenhv/italian_supermarket_chain_coop_alleanza_30_has/,"Italian supermarket chain Coop Alleanza 3.0 has announced it will stop selling Israeli products — including tahini, peanuts and SodaStream — in solidarity with Gaza, as the retail boycott of Israeli goods gathers momentum.",,2025-06-27 00:13:13,1750979593.0,librephili,292,292,0,5,1.0,t2_1mz6dmw2zb,14128,0,News,False,False,2025-06-27 00:13:13,1750979593.0,False,,0
1mxcjfn,BoycottIsrael,https://reddit.com/r/BoycottIsrael/comments/1mxcjfn/everything_you_need_to_know_about_why_we_boycott/,Everything you need to know about why we boycott ZARA,,2025-08-22 18:18:58,1755883138.0,adilbuilds,291,291,0,4,1.0,t2_yfwtmuqlc,14128,0,Confirmed: boycott,False,False,2025-08-22 18:18:58,1755883138.0,False,,0
1ks91l8,BoycottIsrael,https://reddit.com/r/BoycottIsrael/comments/1ks91l8/the_criminals_israeli_soldiers_killed_this_little/,The Criminals Israeli Soldiers Killed This Little Girl Yesterday 💔😢,,2025-05-21 22:02:01,1747861321.0,No_Snow2245,291,291,0,27,0.99,t2_1pusz86e2i,14128,0,,False,False,2025-05-21 22:02:01,1747861321.0,False,,2
1mdfckx,BoycottIsrael,https://reddit.com/r/BoycottIsrael/comments/1mdfckx/dont_buy_apartheid/,Don't buy Apartheid,,2025-07-30 20:03:48,1753902228.0,Perfect-Parking1536,282,282,0,12,1.0,t2_1t4eenmne3,14128,0,,False,False,2025-07-30 20:03:48,1753902228.0,False,,0
1ljmjlh,BoycottIsrael,https://reddit.com/r/BoycottIsrael/comments/1ljmjlh/disarm_spotify_now/,Disarm Spotify Now!,Cancel your subscription and remove your music from Spotify! Spotify CEO Daniel Ek becomes chairman of an Ai Military startup. Look at swapping to Tidal for music and podbean for podcasts. Please recommend any other suggestions below. ,2025-06-24 21:47:28,1750798048.0,Farley_B,284,284,0,38,1.0,t2_5hqz6olf,14128,0,,False,False,2025-06-24 21:47:28,1750798048.0,False,235.0,0
1njvpej,BoycottIsrael,https://reddit.com/r/BoycottIsrael/comments/1njvpej/ben_and_jerrys/,Ben and Jerry’s,,2025-09-18 02:48:39,1758160119.0,Practical_Chef_7897,281,281,0,12,1.0,t2_vuxmu214c,14128,0,Confirmed: boycott,False,False,2025-09-18 02:48:39,1758160119.0,False,,0
1nzlcmg,BoycottIsrael,https://reddit.com/r/BoycottIsrael/comments/1nzlcmg/i_didnt_realize_i_followed_someone_that_stands/,I didn’t realize I followed someone that stands with Israel…,"This Kamala Harris impersonator is paid off fs etc. the one Oct. 7th narrative is all the proof needed? Not knowing how Israel came to be and what they did the last 100 + years to Palestine? How they behind the terriost attacks in America? I thought she was being sarcastic at first. Then I seen the comments standing with . I'm sick of ts, and blind, evil
''s. To
support them at this point... after seeing what they did in 4K..",2025-10-06 15:56:56,1759762616.0,HuckleberryFuzzy918,276,276,0,24,0.99,t2_uvtjeqzr,14128,0,Rant,False,False,2025-10-06 15:56:56,1759762616.0,False,429.0,2
1m99k6r,BoycottIsrael,https://reddit.com/r/BoycottIsrael/comments/1m99k6r/my_neighbors_are_demanding_i_take_down_my/,My neighbors are demanding I take down my Palestinian flag — I refuse,"Hello everyone,

I'm posting here because I'm in a tense situation with some of my neighbors in the building, and I’d really appreciate your thoughts — whether legal, moral, or human.

A few months ago, I put up a Palestinian flag on my balcony, securely attached, as a gesture of solidarity with civilians enduring an unbearable tragedy. The flag is firmly fixed, doesn’t block anything, doesn’t make noise, and causes no damage. It’s a peaceful, symbolic, and personal act.

But apparently, some neighbors are complaining, and the building concierge came and asked me to take it down. They’re citing certain rules from the condo regulations. I reviewed those rules carefully:

* The first article refers to private annexes (like storage rooms or garages), not the living spaces themselves.
* The second one bans hanging laundry, rugs, commercial signs, or unstable objects. 👉 My flag is none of these things.

The apartment owner is a friend of mine. We met through activism. She told me: *“I understand, but I need to protect myself first.”*  
I’m not sure what that means exactly, or what kind of risk I’m facing. But nothing in the condo rules bans the display of a flag — it’s not laundry, not a rug, not an advertisement.

I’m simply exercising my right to free expression. Besides, I’m supposed to leave the apartment in 10 months, in June 2026, because my friend (the landlord) will be returning from Kourou (she works at the French Guiana spaceport).

I’m willing to defend myself in court, with legal aid if necessary, or whatever it takes.  
This is a moral imperative for me. I’ve been following the genocide — massacred children, food and medicine blockades, and relentless bombings.

I’d rather be evicted than take down this flag. I simply cannot live with myself if I cave in.

So here’s my question:

What can I do to defend myself and delay any legal action?  
I just want to buy time — a few months — so I can stay until my planned departure in June 2026.

Any advice, ideas, or personal stories would mean a lot. Thank you 🙏",2025-07-25 21:11:41,1753474301.0,ResolutionDull5054,273,273,0,34,1.0,t2_sp8h7zpg,14128,0,,False,False,2025-07-25 21:11:41,1753474301.0,False,2045.0,0
1jnoumz,BoycottIsrael,https://reddit.com/r/BoycottIsrael/comments/1jnoumz/gazas_children_deserve_life/,Gaza’s children deserve life 😔,,2025-03-30 23:47:15,1743374835.0,Ok_Strawberry_2143,273,273,0,2,1.0,t2_1m57af1672,14128,0,,False,False,2025-03-30 23:47:15,1743374835.0,False,,0
1odz4j0,BoycottIsrael,https://reddit.com/r/BoycottIsrael/comments/1odz4j0/indonesia_boycotts_israel_and_has_no_regrets/,Indonesia Boycotts Israel and has no regrets.," International Olympic committee says to Indonesia -
  "" You can't give out invites at school unless you invite everyone in the classroom !  No house party for you this year!""*


 Indonesia:   “ Ohhh Honey.....We totally understand the consequences...but nice try.""* *



*  That's not an actual quote, but it's what I imagined the IOC saying to those boycotting baddies.

** Kinda what Indonesia's sport authority actually said. But in my version, he casually checks his manicure, does a hair toss and then probably rides off on a Harley Davidson.  Idk. ",2025-10-23 10:53:43,1761213223.0,DragonflyNo19,273,273,0,5,1.0,t2_1w7482sycx,14128,0,News,False,False,2025-10-23 10:53:43,1761213223.0,False,555.0,0
1khrliq,BoycottIsrael,https://reddit.com/r/BoycottIsrael/comments/1khrliq/me_hearing_that_apple_supports_israel/,Me hearing that apple supports Israel,"Everything good nowadays supports them 😭

Btw are there any alternatives, what about Samsungs?",2025-05-08 15:32:57,1746714777.0,secret-agent-zero,272,272,0,49,0.98,t2_rzdj74gm9,14128,0,suggesting alternative,False,False,2025-05-08 15:32:57,1746714777.0,False,94.0,5
1ld6uos,BoycottIsrael,https://reddit.com/r/BoycottIsrael/comments/1ld6uos/france_shuts_down_four_israeli_weapon_stands_at/,France shuts down four Israeli weapon stands at Paris Airshow | AJ,,2025-06-16 23:32:44,1750113164.0,librephili,270,270,0,18,1.0,t2_1mz6dmw2zb,14128,0,News,False,False,2025-06-16 23:32:44,1750113164.0,False,,0
1jw383h,BoycottIsrael,https://reddit.com/r/BoycottIsrael/comments/1jw383h/dont_stop_boycotting/,Don't Stop Boycotting.,,2025-04-10 18:15:03,1744305303.0,Ok_Somewhere9687,269,269,0,4,1.0,t2_ima73fms,14128,0,Confirmed: boycott,False,False,2025-04-10 18:15:03,1744305303.0,False,,0
1noc79c,BoycottIsrael,https://reddit.com/r/BoycottIsrael/comments/1noc79c/leonardo_dicaprio_on_the_boycott/,Leonardo DiCaprio on the Boycott!!!!,"Someone made a post about him being on the boycott and reddit's automatic filter removed it. All hollywood stars and celebrities are to boycotted as long as they are complicit, openly supporting or being silent on genocide of the palestinian people!

Long Live Palestine!",2025-09-23 09:51:22,1758617482.0,Able_Compote6571,270,270,0,8,0.99,t2_151dybzvbg,14128,0,Confirmed: boycott,False,False,2025-09-23 09:51:22,1758617482.0,False,271.0,2
1o1r9xa,BoycottIsrael,https://reddit.com/r/BoycottIsrael/comments/1o1r9xa/spain_approves_arms_embargo_on_israel_due_to_gaza/,Spain approves arms embargo on “Israel” due to Gaza genocide | AJ,,2025-10-09 00:54:54,1759967694.0,librephili,267,267,0,4,1.0,t2_1mz6dmw2zb,14128,0,News,False,False,2025-10-09 00:54:54,1759967694.0,False,,0
1nbvaqd,BoycottIsrael,https://reddit.com/r/BoycottIsrael/comments/1nbvaqd/remember_when_amy_schumer_casually_shared_this/,Remember when Amy Schumer casually shared this?,,2025-09-08 19:13:19,1757355199.0,Ur_Shado,266,266,0,22,1.0,t2_idi8cuzu,14128,0,Rant,False,False,2025-09-08 19:13:19,1757355199.0,False,,0
1mogfdk,BoycottIsrael,https://reddit.com/r/BoycottIsrael/comments/1mogfdk/river_island_which_is_known_for_its_support_of/,"River Island, which is known for its support of “Israel”, is taking a huge economic hit",,2025-08-12 19:16:49,1755022609.0,librephili,266,266,0,6,1.0,t2_1mz6dmw2zb,14128,0,,False,False,2025-08-12 19:16:49,1755022609.0,False,,0
1otb9r8,BoycottIsrael,https://reddit.com/r/BoycottIsrael/comments/1otb9r8/the_head_of_moroccos_bds_movement_passed_away_at/,The head of Morocco's BDS movement passed away at the 7th of November,"On the 10th of November 2025, Moroccan Jewish activist Sion Assidon passed away after 3 months in a coma caused by a head injury. 

Born in 1948, he lived 77 years. Within his life, he proved his stance again and again in support of the Palestinian cause. 

In 2010, he launched the Moroccan branch of the BDS movement and protested the visit of Israeli tennis player Shahar Pe'er in April 2012.

&gt; ""We should not receive artists or athletes from this country as if nothing had happened. It is abnormal to pretend everything is fine. These are people who are inflicting apartheid on the Palestinian people. We must not receive them but also show solidarity with the Palestinian people.”

&gt; ""We don't want Moroccans to be contributors in the budget of the zionist occupational forces."" 

&gt; ""Every Dirham we pay in exchange for these items becomes, one way or another, a bullet that pierces the chests of our Palestinian brothers."" 

He left a strong impact on how the occupation against Palestine should be fought against, leaving behind a legacy that cannot be erased.",2025-11-10 12:25:47,1762773947.0,VanillaAdventurous74,265,265,0,8,0.99,t2_9165wrdh,14128,0,News,False,False,2025-11-10 12:25:47,1762773947.0,False,1077.0,2
1piobvs,BoycottIsrael,https://reddit.com/r/BoycottIsrael/comments/1piobvs/fiverr_is_on_the_list/,Fiverr is on the list 🤦🏻‍♂️,Will we ever be able to escape this country?,2025-12-10 01:33:59,1765326839.0,Fit_Fisherman_3317,266,266,0,15,0.99,t2_aznl8ayi,14128,0,Confirmed: boycott,False,False,2025-12-10 01:33:59,1765326839.0,False,44.0,2
1qetr8y,BoycottIsrael,https://reddit.com/r/BoycottIsrael/comments/1qetr8y/why_exactly_are_we_proud_of_this/,why exactly are we proud of this..?,"i know this isn’t boycotting related really but i just had to share this person who i saw on pinterest, why exactly are we proud of this?? why is this like a funny quirky thing i keep seeing zionist’s do??? it annoys me so much 🥲",2026-01-16 23:06:38,1768601198.0,Miserable-Spinach867,264,264,0,22,0.99,t2_deg0gkwu,14128,0,Rant,False,False,2026-01-16 23:06:38,1768601198.0,False,229.0,2
1q5vl8r,BoycottIsrael,https://reddit.com/r/BoycottIsrael/comments/1q5vl8r/because_as_in_2026_the_whole_world_sees_scarlett/,"Because as in 2026, the whole world sees Scarlett Johansson for what she is: a terrible actress and even a more terrible person (just like Gal 'Gadot' Greenstein)",,2026-01-06 22:25:36,1767734736.0,Financial_Smile4143,259,259,0,22,0.98,t2_7px9e0qw,14128,0,Confirmed: boycott,False,False,2026-01-06 22:25:36,1767734736.0,False,,5
1nzq64b,BoycottIsrael,https://reddit.com/r/BoycottIsrael/comments/1nzq64b/take_action_on_the_7_oct/,Take Action on the 7 oct,,2025-10-06 18:53:17,1759773197.0,[deleted],259,259,0,2,0.99,,14128,0,,False,False,2025-10-06 18:53:17,1759773197.0,False,,2
1js71d1,BoycottIsrael,https://reddit.com/r/BoycottIsrael/comments/1js71d1/nobody_can_claim_they_didnt_know_b0ycott_these/,NOBODY can claim they didn't know!  (b0ycott these unhinged psychopaths on a killing spree),,2025-04-05 17:15:48,1743869748.0,Able_Compote6571,255,255,0,5,1.0,t2_151dybzvbg,14128,0,,False,False,2025-04-05 17:15:48,1743869748.0,False,,0
1o40dkv,BoycottIsrael,https://reddit.com/r/BoycottIsrael/comments/1o40dkv/call_to_action_on_1021bibis_birthday_boycott/,Call to action on 10/21--Bibi's Birthday Boycott,"10/21 is Netanyahu's birthday and I think we should celebrate by putting up these wanted posters all over the world.  The QR code in the above image links to the ICC page about his crimes, and I'm working on another with a link to much more information about his atrocities.  Please share the image and date on social media and in your Palestine groups; I'd love to see these really become a thing.  I want it to get enough attention that he hears about it, and I want people to come face-to-face with that he's a wanted war criminal the US and other governments are supporting.  Any suggestions about what to include in the second poster or any other ideas in general are very welcome. ",2025-10-11 17:43:59,1760201039.0,TheAlphaKiller17,259,259,0,6,1.0,t2_vopzr7vu,14128,0,Alternative Suggestions,False,False,2025-10-11 17:43:59,1760201039.0,False,687.0,0
1o8mloa,BoycottIsrael,https://reddit.com/r/BoycottIsrael/comments/1o8mloa/more_and_more_americans_are_supporting_palestine/,More and more Americans are supporting Palestine!,,2025-10-17 01:09:21,1760659761.0,YamFrosty6169,257,257,0,1,1.0,t2_1t2cqeenz2,14128,0,News,False,False,2025-10-17 01:09:21,1760659761.0,False,,0
1nfmtx5,BoycottIsrael,https://reddit.com/r/BoycottIsrael/comments/1nfmtx5/they_suspended_their_twitter/,They suspended their twitter!!!!!!!!,"WTF man 



They truly want you to forget about Gaza rn like this is censorship ",2025-09-13 04:12:15,1757733135.0,Ilovedia,252,252,0,21,1.0,t2_evdtgw8v,14128,0,News,False,False,2025-09-13 04:12:15,1757733135.0,False,80.0,0
1m6d393,BoycottIsrael,https://reddit.com/r/BoycottIsrael/comments/1m6d393/just_a_gentle_reminder_to_avoid_the_upcoming/,Just a gentle reminder to avoid the upcoming Fantastic Four movie,"Marvel is part of Disney, so that's part of DBS. Marvel has a history of publishing racist, anti Muslim/ Palestinian and pro Israel and propaganda comics (i.e. Moon Knight Vol 1 16 - 20-ish, some others during 2008). 

While it does have Pedro Pasca and Vanessa Kirby, who has been outspoken about Palestine before, it also includes a literal Israeli actress as well as a bunch of other potential Zionists. 

https://en.m.wikipedia.org/wiki/Julia_Garner


The Thing actor, Ebon Moss-Bachrach, has spoken about Ukraine for years but nothing here. That is because he works - or rather promotes a Zionist activist for Ukraine often.  https://www.instagram.com/p/CykKntArbXx/?igsh=cnA5cGgzb3R5NHBs

Natasha Lyonne is also another Zionist. Lived in Israel. 
https://www.instagram.com/p/DGzEG0Zvny-/?igsh=MWhpa3U1dWlvZmRqaA==

Paul Walter Hauser is another zio https://www.instagram.com/p/CySS8KpLi7g/?igsh=MWZzNTR6NHRjMWpkYQ==


Edit; Obviously, piracy is an option. As long as they don't see your money )",2025-07-22 13:44:01,1753188241.0,CrossingVoid,253,253,0,31,0.98,t2_665tv2u5,14128,0,Confirmed: boycott,False,False,2025-07-22 13:44:01,1753188241.0,1753220009.0,1000.0,5
1l1w6p8,BoycottIsrael,https://reddit.com/r/BoycottIsrael/comments/1l1w6p8/hurrah/,Hurrah!,"I never thought I’d say this about RyanAir, but Hurrah! I’d still be wary about booking them though. Their planes are manufactured by Boeing, who make weapons that are used against Israel. But it’s a step (or maybe a flight) in the right direction. ",2025-06-02 23:49:22,1748904562.0,Enough_Credit_8199,248,248,0,9,1.0,t2_1haavjnzft,14128,0,News,False,False,2025-06-02 23:49:22,1748904562.0,False,249.0,0
1pigb2v,BoycottIsrael,https://reddit.com/r/BoycottIsrael/comments/1pigb2v/add_this_to_the_list/,Add this to the list.,Never realised sea salt was on the list. And just happened to stumble upon it. Any suggestions on any different brand?,2025-12-09 20:14:57,1765307697.0,ResearchWorking3402,248,248,0,14,1.0,t2_gnvtanpc,14128,0,Confirmed: boycott,False,False,2025-12-09 20:14:57,1765307697.0,False,118.0,0
1nt1j9c,BoycottIsrael,https://reddit.com/r/BoycottIsrael/comments/1nt1j9c/im_not_saying_we_should_reviewbomb_one_battle_at/,"I'm not saying we should review-bomb One Battle At A Time, but I am saying Fuck LDC",,2025-09-28 23:24:43,1759098283.0,venrir,250,250,0,9,0.99,t2_d3nbi,14128,0,Confirmed: boycott,False,False,2025-09-28 23:24:43,1759098283.0,False,,2
1h1hiat,BoycottIsrael,https://reddit.com/r/BoycottIsrael/comments/1h1hiat/lush_publicly_advocates_for_palestine_and_gaza/,LUSH Publicly Advocates For PALESTINE And GAZA,"Lush is CURRENTLY selling watermelon soap with 100% of the profits will be donated to mental health services and trauma counselling for children in Gaza and the West Bank. Well done Lush

On October 12th, 2023 Lush supported “the upholding of international law and the human rights of all peoples.”",2024-11-27 23:59:40,1732748380.0,[deleted],248,248,0,15,0.99,,14128,0,,False,False,2024-11-27 23:59:40,1732748380.0,False,298.0,2
1nq6m9b,BoycottIsrael,https://reddit.com/r/BoycottIsrael/comments/1nq6m9b/starbucks_boycotts_are_working/,Starbucks boycotts are working!,"The boycotts against Starbucks are working. Over 2,000 jobs lost this year alone and over 900 stores to be closed soon.

They won't admit it as all of the mainstream news article fail to mention any boycotts. But we know they know it's the boycotts!

[https://www.newsweek.com/starbucks-store-closures-2025-coffee-jobs-us-canada-10728453](https://www.newsweek.com/starbucks-store-closures-2025-coffee-jobs-us-canada-10728453)

[https://www.bloomberg.com/news/articles/2025-09-25/starbucks-to-close-stores-cut-jobs-in-1-billion-restructuring](https://www.bloomberg.com/news/articles/2025-09-25/starbucks-to-close-stores-cut-jobs-in-1-billion-restructuring)

[https://finance.yahoo.com/news/starbucks-announces-plans-to-cut-another-900-jobs-and-close-more-stores-as-its-turnaround-struggles-continue-120332919.html](https://finance.yahoo.com/news/starbucks-announces-plans-to-cut-another-900-jobs-and-close-more-stores-as-its-turnaround-struggles-continue-120332919.html) ",2025-09-25 14:21:37,1758806497.0,Icy_Giraffe3903,247,247,0,6,1.0,t2_1i36dsqfrx,14128,0,Rant,False,False,2025-09-25 14:21:37,1758806497.0,1758806713.0,970.0,0
1ktw7r8,BoycottIsrael,https://reddit.com/r/BoycottIsrael/comments/1ktw7r8/former_microsoft_employees_disrupt_ai_event_for/,Former Microsoft employees disrupt AI event for Gaza,,2025-05-23 23:17:55,1748038675.0,librephili,247,247,0,1,1.0,t2_1mz6dmw2zb,14128,0,,False,False,2025-05-23 23:17:55,1748038675.0,False,,0
1jxezzs,BoycottIsrael,https://reddit.com/r/BoycottIsrael/comments/1jxezzs/why_we_need_boycott/,Why We need Boycott,"This drawing describes how if we stop buying Israeli supporting brands, then Israel will get practically zero money.

Look, Israel gets most of its money from It's Allies right?

Then Where do those Allies get their money?

 They get their money from their companies (KFC,etc)

Unsuspecting people buy them and ultimately Fund Israel.

Israel uses this money to create its own companies (Soda stream,etc)
And also to fund the Genocide of Palestinians.

If anyone says ""Boycotting never works!"" Then tell them this because Boycotting does work and if we stop buying Israeli supporting brands, Israel will get less money to murder Palestinian Children.


",2025-04-12 12:17:25,1744456645.0,[deleted],246,246,0,5,1.0,,14128,0,,False,False,2025-04-12 12:17:25,1744456645.0,False,653.0,0
1p0e0lb,BoycottIsrael,https://reddit.com/r/BoycottIsrael/comments/1p0e0lb/is_this_verified/,Is this verified?,,2025-11-18 15:55:07,1763477707.0,johnsmithoncemore,243,243,0,34,1.0,t2_ei7a7kf1c,14128,0,Question,False,False,2025-11-18 15:55:07,1763477707.0,False,,0
1nqg30q,BoycottIsrael,https://reddit.com/r/BoycottIsrael/comments/1nqg30q/sumud_flotilla_crew_singsthe_whole_world_sees/,"Sumud Flotilla Crew sings-The whole world sees your ""psychopathy""!","The best message from flotilla crew to israel and their supporters! Long Live Palestine!   
Boycott israel! Break the siege!!!!!!",2025-09-25 20:26:20,1758828380.0,Able_Compote6571,240,240,0,6,0.99,t2_151dybzvbg,14128,0,News,False,False,2025-09-25 20:26:20,1758828380.0,False,129.0,2
1nrkfy7,BoycottIsrael,https://reddit.com/r/BoycottIsrael/comments/1nrkfy7/starbucks_will_close_hundreds_of_stores_this/,Starbucks will close hundreds of stores this month and will lay off staff at its headquarters as the chain continues to struggle,"To everyone who boycotted and still is, Alhamdoulillah, we did it, every penny counts, may Allah reward us all and guide us, yarab.",2025-09-27 04:00:04,1758942004.0,tallbigbear,237,237,0,7,1.0,t2_2uri7zq9,14128,0,Confirmed: boycott,False,False,2025-09-27 04:00:04,1758942004.0,False,131.0,0
1mbvci4,BoycottIsrael,https://reddit.com/r/BoycottIsrael/comments/1mbvci4/leonardo_dicaprio_to_build_ecofriendly_resort_in/,Leonardo DiCaprio to Build 'Eco-Friendly' Resort in Apartheid Israel,,2025-07-29 00:06:20,1753743980.0,Able_Compote6571,230,230,0,17,1.0,t2_151dybzvbg,14128,0,,False,False,2025-07-29 00:06:20,1753743980.0,False,,0
1nwx0df,BoycottIsrael,https://reddit.com/r/BoycottIsrael/comments/1nwx0df/dont_use_your_phone_on_saturdaybella_ciao/,DON'T USE YOUR PHONE ON SATURDAY....BELLA CIAO,,2025-10-03 12:53:35,1759492415.0,[deleted],230,230,0,23,0.98,,14128,0,,False,False,2025-10-03 12:53:35,1759492415.0,False,,4
1q2w386,BoycottIsrael,https://reddit.com/r/BoycottIsrael/comments/1q2w386/how_boycotting_israelilinked_brands_reshaped/,How boycotting Israeli-linked brands reshaped Malaysia's food industry,,2026-01-03 15:35:45,1767450945.0,Able_Compote6571,228,228,0,5,1.0,t2_151dybzvbg,14128,0,News,False,False,2026-01-03 15:35:45,1767450945.0,False,,0
1ni61wb,BoycottIsrael,https://reddit.com/r/BoycottIsrael/comments/1ni61wb/4000_artists_sign_a_pledge_to_boycott_israel/,4000 artists sign a pledge to boycott israel!,Paramount tries to defend genocide by criticizing those that spoke against it!,2025-09-16 03:52:28,1757991148.0,Able_Compote6571,229,229,0,6,1.0,t2_151dybzvbg,14128,0,News,False,False,2025-09-16 03:52:28,1757991148.0,False,78.0,0
1l8cvxw,BoycottIsrael,https://reddit.com/r/BoycottIsrael/comments/1l8cvxw/a_cisco_employee_disrupted_the_companys_event/,"A Cisco employee disrupted the company’s event, calling on Cisco to cut all ties with the Israeli military and pledge not to work with ICE or any agency complicit in human rights abuses.",,2025-06-10 23:49:25,1749595765.0,librephili,230,230,0,1,1.0,t2_1mz6dmw2zb,14128,0,News,False,False,2025-06-10 23:49:25,1749595765.0,False,,0
1jrczu7,BoycottIsrael,https://reddit.com/r/BoycottIsrael/comments/1jrczu7/this_is_what_the_occupation_does_to_the_homes_of/,This is what the occupation does to the homes of my people in Gaza.,,2025-04-04 15:18:01,1743776281.0,Ok_Strawberry_2143,229,229,0,4,1.0,t2_1m57af1672,14128,0,,False,False,2025-04-04 15:18:01,1743776281.0,False,,0
1mqsjks,BoycottIsrael,https://reddit.com/r/BoycottIsrael/comments/1mqsjks/a_year_ago_muhammad_abu_alqumsan_went_to_collect/,"A year ago, Muhammad Abu Al-Qumsan went to collect his newborn twins’ birth certificates, returning only to find them and their mother killed by the Israeli machinery of war. We will never forget you",,2025-08-15 10:15:00,1755249300.0,Sea_Banana882,227,227,0,2,1.0,t2_wruvntiyp,14128,0,,False,False,2025-08-15 10:15:00,1755249300.0,False,,0
1o3482l,BoycottIsrael,https://reddit.com/r/BoycottIsrael/comments/1o3482l/israels_honeypot_campaign/,Israel's HONEYPOT CAMPAIGN!,,2025-10-10 16:34:30,1760110470.0,Able_Compote6571,225,225,0,8,0.98,t2_151dybzvbg,14128,0,News,False,False,2025-10-10 16:34:30,1760110470.0,False,,4
1kyjnsq,BoycottIsrael,https://reddit.com/r/BoycottIsrael/comments/1kyjnsq/pledge_to_boycott_taylor_swifts_upcoming_album/,Pledge to boycott Taylor Swift's upcoming album for Gaza,"Hello! I am not sure whether this is allowed, but I wanted to share a social media campaign that I have created in order to attempt to pressure Taylor Swift to speak out publicly in favor of a ceasefire in Israel and Palestine. I am asking fellow Swifties of conscience to join me in pledging to donate the money that we would have spent on Taylor's new album to organizations that deliver lifesaving aid to Palestinians instead. You can find out more and sign below! And if this isn't your thing, feel free to just ignore. I am certain I will get backlash for this, but as Ms. Rachel said, the lives of Palestinian children are worth more than any harassment I might have to endure.

[https://www.change.org/boycottTaylorSwiftforGaza](https://www.change.org/boycottTaylorSwiftforGaza)

If you decide to make a post, please use the hashtag #boycottTaylorSwift! And if you have any experience running successful social media campaigns, please reach out to me.",2025-05-29 20:23:09,1748546589.0,doctormelody18,225,225,0,31,0.97,t2_ut7i8cc,14128,0,Confirmed: boycott,False,False,2025-05-29 20:23:09,1748546589.0,False,958.0,6
1o17gf5,BoycottIsrael,https://reddit.com/r/BoycottIsrael/comments/1o17gf5/unicef_double_standards/,UNICEF double standards,Apparently the 50 thousand dead Palestinian children aren’t worth empathizing with according to UNICEF. Catherine Russel is a Zionist ,2025-10-08 12:08:15,1759921695.0,No_Degree3814,223,223,0,15,0.99,t2_ufs4insc,14128,0,News,False,False,2025-10-08 12:08:15,1759921695.0,False,134.0,2
1qa28xq,BoycottIsrael,https://reddit.com/r/BoycottIsrael/comments/1qa28xq/shes_just_trying_to_get_a_job/,She's just trying to get a job,,2026-01-11 16:32:47,1768145567.0,Financial_Smile4143,223,223,0,8,0.99,t2_7px9e0qw,14128,0,Confirmed: boycott,False,False,2026-01-11 16:32:47,1768145567.0,False,,2
1nlgu69,BoycottIsrael,https://reddit.com/r/BoycottIsrael/comments/1nlgu69/boycott_leonardo_dicaprio_movies/,Boycott Leonardo DiCaprio movies.,I am boycotting all Hollywood actors who don't speak out against the genocide. Especially this guy who is backing a five-star hotel in the occupied lands. ,2025-09-19 23:03:08,1758319388.0,Zealousideal-Item607,133,133,0,6,0.95,t2_9h1u5fiq,14128,0,Confirmed: boycott,False,False,2025-09-19 23:03:08,1758319388.0,False,155.0,7
